"data","iter","pred_set","pred_sub_set","method","accuracy","macroPrecision","macroRecall","macroF1","kappa","kappa_w","rules_nbr","coverage","fidelity","fidelity_correct","fidelity_incorrect"
"hypothyroid",1,"train","covered","RF",0.988256549232159,0.967278719397363,0.899757437972146,0.930601635739362,0.861246095105866,0.861246095105866,4547,1,1,1,1
"hypothyroid",1,"train","notcovered","RF",NA,NA,NA,NA,NA,NA,0,0,NA,NA,NA
"hypothyroid",1,"train","all","RF",0.988256549232159,0.967278719397363,0.899757437972146,0.930601635739362,0.861246095105866,0.861246095105866,4547,1,1,1,1
"hypothyroid",1,"test","covered","RF",0.982086406743941,0.937325057806985,0.853343166175025,0.890383687668589,0.780887965339743,0.780887965339743,4547,1,1,1,1
"hypothyroid",1,"test","notcovered","RF",NA,NA,NA,NA,NA,NA,0,0,NA,NA,NA
"hypothyroid",1,"test","all","RF",0.982086406743941,0.937325057806985,0.853343166175025,0.890383687668589,0.780887965339743,0.780887965339743,4547,1,1,1,1
"hypothyroid",1,"train","covered","PreSelectedRules",0.985,0.909496356161619,0.928159864944216,0.918594442220555,0.837193448269676,0.837193448269676,359,0.993676603432701,0.991363636363636,0.993566176470588,0.791666666666667
"hypothyroid",1,"train","notcovered","PreSelectedRules",0.857142857142857,0.857142857142857,0.5,0.923076923076923,0,0,1,0.00632339656729897,1,1,1
"hypothyroid",1,"train","all","PreSelectedRules",0.984191508581753,0.909043561637865,0.920021660520569,0.914450841525952,0.828903383071835,0.828903383071835,360,1,0.991418247515809,0.993601462522852,0.807692307692308
"hypothyroid",1,"test","covered","PreSelectedRules",0.981012658227848,0.879008459571119,0.926688815060908,0.90125,0.80254113726307,0.80254113726307,359,0.998946259220232,0.984177215189873,0.99140708915145,0.588235294117647
"hypothyroid",1,"test","notcovered","PreSelectedRules",1,1,1,1,1,1,1,0.00105374077976816,1,1,NA
"hypothyroid",1,"test","all","PreSelectedRules",0.981032665964173,0.879012183938163,0.92669616519174,0.901255549389567,0.802552188085166,0.802552188085166,360,1,0.984193888303477,0.991416309012876,0.588235294117647
"hypothyroid",1,"train","covered","OptimalRules",0.992074592074592,0.966603809276096,0.931368316355528,0.948228789989054,0.896464782693874,0.896464782693874,7,0.968834688346883,0.998601398601399,0.998592210229939,1
"hypothyroid",1,"train","notcovered","OptimalRules",0.753623188405797,0.753623188405797,0.5,0.859504132231405,0,0,1,0.0311653116531165,0.927536231884058,0.912280701754386,1
"hypothyroid",1,"train","all","OptimalRules",0.984643179765131,0.962711069418386,0.862021588915542,0.905565034122842,0.811266447368421,0.811266447368421,8,1,0.996386630532972,0.996343692870201,1
"hypothyroid",1,"test","covered","OptimalRules",0.988056460369164,0.925185424056756,0.913841807909605,0.919429621205494,0.838860523929952,0.838860523929952,7,0.970495258166491,0.995656894679696,0.996710526315789,0.888888888888889
"hypothyroid",1,"test","notcovered","OptimalRules",0.678571428571429,0.678571428571429,0.5,0.808510638297872,0,0,1,0.0295047418335089,0.964285714285714,0.95,1
"hypothyroid",1,"test","all","OptimalRules",0.978925184404636,0.920365739293529,0.83056784660767,0.869499449944995,0.739178232788237,0.739178232788237,8,1,0.994731296101159,0.995708154506438,0.941176470588235
"hypothyroid",1,"train","covered","OPTSTEL",0.992484734617191,0.980738794388359,0.906179811749432,0.940087237934431,0.880204816565385,0.880204816565385,6,0.961607949412827,0.997181775481447,0.997638167217761,0.916666666666667
"hypothyroid",1,"train","notcovered","OPTSTEL",0.635294117647059,0.635294117647059,0.5,0.776978417266187,0,0,1,0.0383920505871725,0.752941176470588,0.732394366197183,0.857142857142857
"hypothyroid",1,"train","all","OPTSTEL",0.97877145438121,0.973666733080959,0.787261465754896,0.855429018396129,0.711598902469444,0.711598902469444,7,1,0.98780487804878,0.989031078610603,0.884615384615385
"hypothyroid",1,"test","covered","OPTSTEL",0.991294885745375,0.964363557105492,0.913154492566257,0.937136603050824,0.874290404213118,0.874290404213118,6,0.968387776606955,0.997823721436344,0.998902305159166,0.875
"hypothyroid",1,"test","notcovered","OPTSTEL",0.666666666666667,0.666666666666667,0.5,0.8,0,0,1,0.0316122233930453,0.9,0.904761904761905,0.888888888888889
"hypothyroid",1,"test","all","OPTSTEL",0.981032665964173,0.95902733853398,0.821116027531957,0.876639320584667,0.753627368967606,0.753627368967606,7,1,0.994731296101159,0.996781115879828,0.882352941176471
"hypothyroid",1,"train","covered","CART",0.985546522131888,0.941619831393015,0.893854498585801,0.916215704824976,0.832459940596682,0.832459940596682,6,1,0.996386630532972,0.996800731261426,0.961538461538462
"hypothyroid",1,"train","notcovered","CART",NA,NA,NA,NA,NA,NA,0,0,NA,NA,NA
"hypothyroid",1,"train","all","CART",0.985546522131888,0.941619831393015,0.893854498585801,0.916215704824976,0.832459940596682,0.832459940596682,6,1,0.996386630532972,0.996800731261426,0.961538461538462
"hypothyroid",1,"test","covered","CART",0.982086406743941,0.937325057806985,0.853343166175025,0.890383687668589,0.780887965339743,0.780887965339743,6,1,1,1,1
"hypothyroid",1,"test","notcovered","CART",NA,NA,NA,NA,NA,NA,0,0,NA,NA,NA
"hypothyroid",1,"test","all","CART",0.982086406743941,0.937325057806985,0.853343166175025,0.890383687668589,0.780887965339743,0.780887965339743,6,1,1,1,1
"hypothyroid",1,"train","covered","IntreesRRFVote",0.960955443270556,0.777753019851858,0.957100753441506,0.841466413188843,0.684453478438066,0.684453478438066,8,0.983288166214995,0.958199356913183,0.96513249651325,0.384615384615385
"hypothyroid",1,"train","notcovered","IntreesRRFVote",1,1,1,1,1,1,1,0.0167118337850045,1,1,NA
"hypothyroid",1,"train","all","IntreesRRFVote",0.961607949412827,0.777775815073389,0.957439762271311,0.841653154862525,0.684798156255967,0.684798156255967,9,1,0.958897922312556,0.965722120658135,0.384615384615385
"hypothyroid",1,"test","covered","IntreesRRFVote",0.967637540453074,0.795190535737791,0.971969378091129,0.859800362976406,0.720704615755434,0.720704615755434,8,0.9768177028451,0.962243797195254,0.972587719298246,0.333333333333333
"hypothyroid",1,"test","notcovered","IntreesRRFVote",0.909090909090909,0.909090909090909,0.5,0.952380952380952,0,0,1,0.0231822971548999,1,1,1
"hypothyroid",1,"test","all","IntreesRRFVote",0.966280295047418,0.79406621964131,0.950626843657817,0.853090289871899,0.707138310799082,0.707138310799082,9,1,0.963119072708114,0.973175965665236,0.411764705882353
"hypothyroid",1,"train","covered","IntreesVote",0.990094339622641,0.950825743055673,0.927375439499185,0.938755212066269,0.87751463661575,0.87751463661575,2,0.957542908762421,0.99811320754717,0.998572108519753,0.947368421052632
"hypothyroid",1,"train","notcovered","IntreesVote",0.851063829787234,0.851063829787234,0.5,0.919540229885058,0,0,1,0.042457091237579,0.925531914893617,0.919540229885057,1
"hypothyroid",1,"train","all","IntreesVote",0.984191508581753,0.947676020945803,0.870743976227131,0.905194193465508,0.810472095446341,0.810472095446341,3,1,0.995031616982836,0.995429616087751,0.961538461538462
"hypothyroid",1,"test","covered","IntreesVote",0.991189427312775,0.951688311688312,0.926853215513009,0.938888141068784,0.877780395060067,0.877780395060067,2,0.956796628029505,1,1,1
"hypothyroid",1,"test","notcovered","IntreesVote",0.75609756097561,0.75609756097561,0.5,0.861111111111111,0,0,1,0.0432033719704953,0.926829268292683,0.9375,0.888888888888889
"hypothyroid",1,"test","all","IntreesVote",0.981032665964173,0.94635768161969,0.831674041297935,0.87967032967033,0.759584529640263,0.759584529640263,3,1,0.996838777660696,0.997854077253219,0.941176470588235
"hypothyroid",1,"train","covered","IntreesSTEL",0.990094339622641,0.965212310561338,0.911810736643513,0.936724602787699,0.873470965394934,0.873470965394934,2,0.957542908762421,0.999056603773585,0.999048072346502,1
"hypothyroid",1,"train","notcovered","IntreesSTEL",0.851063829787234,0.851063829787234,0.5,0.919540229885058,0,0,1,0.042457091237579,0.925531914893617,0.919540229885057,1
"hypothyroid",1,"train","all","IntreesSTEL",0.984191508581753,0.962103453664635,0.857304607783466,0.902290727012976,0.804735338141244,0.804735338141244,3,1,0.995934959349594,0.995886654478976,1
"hypothyroid",1,"test","covered","IntreesSTEL",0.991189427312775,0.951688311688312,0.926853215513009,0.938888141068784,0.877780395060067,0.877780395060067,2,0.956796628029505,1,1,1
"hypothyroid",1,"test","notcovered","IntreesSTEL",0.75609756097561,0.75609756097561,0.5,0.861111111111111,0,0,1,0.0432033719704953,0.926829268292683,0.9375,0.888888888888889
"hypothyroid",1,"test","all","IntreesSTEL",0.981032665964173,0.94635768161969,0.831674041297935,0.87967032967033,0.759584529640263,0.759584529640263,3,1,0.996838777660696,0.997854077253219,0.941176470588235
"hypothyroid",2,"train","covered","RF",0.987353206865402,0.961487758945386,0.894803265189216,0.925263300027005,0.850572717806317,0.850572717806317,4399,1,1,1,1
"hypothyroid",2,"train","notcovered","RF",NA,NA,NA,NA,NA,NA,0,0,NA,NA,NA
"hypothyroid",2,"train","all","RF",0.987353206865402,0.961487758945386,0.894803265189216,0.925263300027005,0.850572717806317,0.850572717806317,4399,1,1,1,1
"hypothyroid",2,"test","covered","RF",0.986301369863014,0.96619812583668,0.876671583087512,0.916175761158333,0.83244373820098,0.83244373820098,4399,1,1,1,1
"hypothyroid",2,"test","notcovered","RF",NA,NA,NA,NA,NA,NA,0,0,NA,NA,NA
"hypothyroid",2,"test","all","RF",0.986301369863014,0.96619812583668,0.876671583087512,0.916175761158333,0.83244373820098,0.83244373820098,4399,1,1,1,1
"hypothyroid",2,"train","covered","PreSelectedRules",0.98234495246718,0.89503494975972,0.91304357756258,0.90381336772119,0.807632104857707,0.807632104857707,353,0.997741644083108,0.989588048890901,0.991754466330737,0.807692307692308
"hypothyroid",2,"train","notcovered","PreSelectedRules",0.6,0.6,0.5,0.75,0,0,1,0.0022583559168925,1,1,1
"hypothyroid",2,"train","all","PreSelectedRules",0.981481481481482,0.894569504674323,0.905159142171781,0.89978527150183,0.799572534455578,0.799572534455578,354,1,0.989611562782294,0.991765782250686,0.821428571428571
"hypothyroid",2,"test","covered","PreSelectedRules",0.98840885142255,0.948522076967501,0.920009832841691,0.93374461306067,0.867496794993844,0.867496794993844,353,1,0.993677555321391,0.997863247863248,0.692307692307692
"hypothyroid",2,"test","notcovered","PreSelectedRules",NA,NA,NA,NA,NA,NA,1,0,NA,NA,NA
"hypothyroid",2,"test","all","PreSelectedRules",0.98840885142255,0.948522076967501,0.920009832841691,0.93374461306067,0.867496794993844,0.867496794993844,354,1,0.993677555321391,0.997863247863248,0.692307692307692
"hypothyroid",2,"train","covered","OptimalRules",0.984700973574409,0.963211454688281,0.841422781345405,0.892255295960766,0.784714261950489,0.784714261950489,8,0.974254742547426,0.993509503940658,0.993451824134705,1
"hypothyroid",2,"train","notcovered","OptimalRules",0.754385964912281,0.754385964912281,0.5,0.86,0,0,1,0.0257452574525745,0.842105263157895,0.854166666666667,0.777777777777778
"hypothyroid",2,"train","all","OptimalRules",0.97877145438121,0.960135280745782,0.796221044717339,0.858638935492416,0.717860841932877,0.717860841932877,9,1,0.989611562782294,0.9903934126258,0.928571428571429
"hypothyroid",2,"test","covered","OptimalRules",0.988108108108108,0.977178263546798,0.867857354773631,0.914825759034329,0.82976694383564,0.82976694383564,8,0.974710221285564,0.995675675675676,0.995642701525055,1
"hypothyroid",2,"test","notcovered","OptimalRules",0.708333333333333,0.708333333333333,0.5,0.829268292682927,0,0,1,0.0252897787144363,0.875,0.888888888888889,0.833333333333333
"hypothyroid",2,"test","all","OptimalRules",0.981032665964173,0.973519490254873,0.810558013765978,0.873444167852063,0.747367486985329,0.747367486985329,9,1,0.992623814541623,0.993589743589744,0.923076923076923
"hypothyroid",2,"train","covered","OPTSTEL",0.985130111524164,0.963434625433981,0.845183443436718,0.894875035874138,0.789934781680301,0.789934781680301,7,0.971996386630533,0.993959107806691,0.993905297702766,1
"hypothyroid",2,"train","notcovered","OPTSTEL",0.758064516129032,0.758064516129032,0.5,0.862385321100917,0,0,1,0.028003613369467,0.838709677419355,0.849056603773585,0.777777777777778
"hypothyroid",2,"train","all","OPTSTEL",0.97877145438121,0.960135280745782,0.796221044717339,0.858638935492416,0.717860841932877,0.717860841932877,8,1,0.989611562782294,0.9903934126258,0.928571428571429
"hypothyroid",2,"test","covered","OPTSTEL",0.988082340195016,0.977165779526344,0.867856080880167,0.914818823253043,0.829753341046666,0.829753341046666,7,0.972602739726027,0.99566630552546,0.995633187772926,1
"hypothyroid",2,"test","notcovered","OPTSTEL",0.730769230769231,0.730769230769231,0.5,0.844444444444444,0,0,1,0.0273972602739726,0.884615384615385,0.9,0.833333333333333
"hypothyroid",2,"test","all","OPTSTEL",0.981032665964173,0.973519490254873,0.810558013765978,0.873444167852063,0.747367486985329,0.747367486985329,8,1,0.992623814541623,0.993589743589744,0.923076923076923
"hypothyroid",2,"train","covered","CART",0.982384823848238,0.935711622327059,0.860835630661272,0.89435924414728,0.788811763497351,0.788811763497351,5,1,0.990514905149051,0.992680695333943,0.821428571428571
"hypothyroid",2,"train","notcovered","CART",NA,NA,NA,NA,NA,NA,0,0,NA,NA,NA
"hypothyroid",2,"train","all","CART",0.982384823848238,0.935711622327059,0.860835630661272,0.89435924414728,0.788811763497351,0.788811763497351,5,1,0.990514905149051,0.992680695333943,0.821428571428571
"hypothyroid",2,"test","covered","CART",0.984193888303477,0.963484410157506,0.85444936086529,0.900940146554304,0.802046974732655,0.802046974732655,5,1,0.997892518440464,0.997863247863248,1
"hypothyroid",2,"test","notcovered","CART",NA,NA,NA,NA,NA,NA,0,0,NA,NA,NA
"hypothyroid",2,"test","all","CART",0.984193888303477,0.963484410157506,0.85444936086529,0.900940146554304,0.802046974732655,0.802046974732655,5,1,0.997892518440464,0.997863247863248,1
"hypothyroid",2,"train","covered","IntreesRRFVote",0.993377483443709,0.950890035812092,0.969998902064119,0.960225562293037,0.920452835057088,0.920452835057088,5,0.95483288166215,0.997161778618732,0.998571428571429,0.785714285714286
"hypothyroid",2,"train","notcovered","IntreesRRFVote",0.84,0.84,0.5,0.91304347826087,0,0,1,0.04516711833785,0.98,0.976744186046512,1
"hypothyroid",2,"train","all","IntreesRRFVote",0.986449864498645,0.947174829385789,0.89880867136873,0.921452223273415,0.84293119430939,0.84293119430939,6,1,0.996386630532972,0.997712717291857,0.892857142857143
"hypothyroid",2,"test","covered","IntreesRRFVote",0.992432432432432,0.936370056497175,0.970157657657658,0.952571399271907,0.905149051490515,0.905149051490515,5,0.974710221285564,0.995675675675676,0.996739130434783,0.8
"hypothyroid",2,"test","notcovered","IntreesRRFVote",0.666666666666667,0.666666666666667,0.5,0.8,0,0,1,0.0252897787144363,1,1,1
"hypothyroid",2,"test","all","IntreesRRFVote",0.984193888303477,0.931999449944995,0.886123402163225,0.907627916031277,0.815285797703237,0.815285797703237,6,1,0.995785036880927,0.996794871794872,0.923076923076923
"hypothyroid",2,"train","covered","IntreesVote",0.994285714285714,0.955012376237624,0.966217758502625,0.960540902799091,0.921082299887261,0.921082299887261,2,0.948509485094851,0.999523809523809,0.999521302058401,1
"hypothyroid",2,"train","notcovered","IntreesVote",0.754385964912281,0.754385964912281,0.5,0.86,0,0,1,0.051490514905149,0.903508771929825,0.88659793814433,1
"hypothyroid",2,"train","all","IntreesVote",0.98193315266486,0.948518041237113,0.842679281085532,0.887758361089565,0.775708887560657,0.775708887560657,3,1,0.994579945799458,0.994510521500457,1
"hypothyroid",2,"test","covered","IntreesVote",0.993499458288191,0.944817277774388,0.969176319176319,0.956642239759489,0.913287195064666,0.913287195064666,2,0.972602739726027,0.99783315276273,0.997823721436344,1
"hypothyroid",2,"test","notcovered","IntreesVote",0.615384615384615,0.615384615384615,0.5,0.761904761904762,0,0,1,0.0273972602739726,0.961538461538462,0.941176470588235,1
"hypothyroid",2,"test","all","IntreesVote",0.983140147523709,0.939366998577525,0.864454277286136,0.898033738046632,0.79615508538288,0.79615508538288,3,1,0.996838777660696,0.996794871794872,1
"hypothyroid",2,"train","covered","IntreesSTEL",0.994761904761905,0.960788305075192,0.966465038423495,0.963607776907795,0.927215668481548,0.927215668481548,2,0.948509485094851,1,1,1
"hypothyroid",2,"train","notcovered","IntreesSTEL",0.754385964912281,0.754385964912281,0.5,0.86,0,0,1,0.051490514905149,0.903508771929825,0.88659793814433,1
"hypothyroid",2,"train","all","IntreesSTEL",0.982384823848238,0.954296979219162,0.842916472736386,0.889998789739539,0.780201709593169,0.780201709593169,3,1,0.995031616982836,0.994967978042086,1
"hypothyroid",2,"test","covered","IntreesSTEL",0.99566630552546,0.970302445302445,0.970302445302445,0.970302445302445,0.94060489060489,0.94060489060489,2,0.972602739726027,1,1,1
"hypothyroid",2,"test","notcovered","IntreesSTEL",0.615384615384615,0.615384615384615,0.5,0.761904761904762,0,0,1,0.0273972602739726,0.961538461538462,0.941176470588235,1
"hypothyroid",2,"test","all","IntreesSTEL",0.985247629083245,0.964864020006252,0.865560471976401,0.908649614961496,0.817424762951765,0.817424762951765,3,1,0.998946259220232,0.998931623931624,1
"hypothyroid",3,"train","covered","RF",0.988256549232159,0.962678769003811,0.904237227453367,0.931270148291425,0.862572457194152,0.862572457194152,4479,1,1,1,1
"hypothyroid",3,"train","notcovered","RF",NA,NA,NA,NA,NA,NA,0,0,NA,NA,NA
"hypothyroid",3,"train","all","RF",0.988256549232159,0.962678769003811,0.904237227453367,0.931270148291425,0.862572457194152,0.862572457194152,4479,1,1,1,1
"hypothyroid",3,"test","covered","RF",0.983140147523709,0.921322660363167,0.885570304818093,0.902561733148519,0.805143473127663,0.805143473127663,4479,1,1,1,1
"hypothyroid",3,"test","notcovered","RF",NA,NA,NA,NA,NA,NA,0,0,NA,NA,NA
"hypothyroid",3,"test","all","RF",0.983140147523709,0.921322660363167,0.885570304818093,0.902561733148519,0.805143473127663,0.805143473127663,4479,1,1,1,1
"hypothyroid",3,"train","covered","PreSelectedRules",0.985094850948509,0.908410659904891,0.933935412265941,0.920737363184565,0.841483152893189,0.841483152893189,332,1,0.990514905149051,0.993601462522852,0.730769230769231
"hypothyroid",3,"train","notcovered","PreSelectedRules",NA,NA,NA,NA,NA,NA,1,0,NA,NA,NA
"hypothyroid",3,"train","all","PreSelectedRules",0.985094850948509,0.908410659904891,0.933935412265941,0.920737363184565,0.841483152893189,0.841483152893189,333,1,0.990514905149051,0.993601462522852,0.730769230769231
"hypothyroid",3,"test","covered","PreSelectedRules",0.982086406743941,0.881828316610925,0.937807276302852,0.90765153379852,0.815354857908049,0.815354857908049,332,1,0.98840885142255,0.993569131832797,0.6875
"hypothyroid",3,"test","notcovered","PreSelectedRules",NA,NA,NA,NA,NA,NA,1,0,NA,NA,NA
"hypothyroid",3,"test","all","PreSelectedRules",0.982086406743941,0.881828316610925,0.937807276302852,0.90765153379852,0.815354857908049,0.815354857908049,333,1,0.98840885142255,0.993569131832797,0.6875
"hypothyroid",3,"train","covered","OptimalRules",0.987031032885595,0.911634146876783,0.920800659643927,0.916161851506679,0.83232463317893,0.83232463317893,7,0.975158084914182,0.993978693839741,0.994859813084112,0.894736842105263
"hypothyroid",3,"train","notcovered","OptimalRules",0.636363636363636,0.636363636363636,0.5,0.777777777777778,0,0,1,0.0248419150858176,0.763636363636364,0.729166666666667,1
"hypothyroid",3,"train","all","OptimalRules",0.978319783197832,0.907011673650902,0.840781747878701,0.870620261116441,0.741342549773645,0.741342549773645,8,1,0.988256549232159,0.989031078610603,0.923076923076923
"hypothyroid",3,"test","covered","OptimalRules",0.982532751091703,0.874620209059233,0.913230636780125,0.892874894015145,0.785774841406729,0.785774841406729,7,0.96522655426765,0.99235807860262,0.995560488346282,0.8
"hypothyroid",3,"test","notcovered","OptimalRules",0.757575757575758,0.757575757575758,0.5,0.862068965517241,0,0,1,0.0347734457323499,0.787878787878788,0.78125,1
"hypothyroid",3,"test","all","OptimalRules",0.974710221285564,0.870339529386483,0.838913470993117,0.853842599722778,0.707715209691494,0.707715209691494,8,1,0.985247629083245,0.988210075026795,0.8125
"hypothyroid",3,"train","covered","OPTSTEL",0.991596638655462,0.973660010509722,0.903119409660107,0.935326086956522,0.870683409804396,0.870683409804396,6,0.967479674796748,0.997665732959851,0.998119417019276,0.933333333333333
"hypothyroid",3,"train","notcovered","OPTSTEL",0.611111111111111,0.611111111111111,0.5,0.758620689655172,0,0,1,0.032520325203252,0.708333333333333,0.688524590163934,0.818181818181818
"hypothyroid",3,"train","all","OPTSTEL",0.979223125564589,0.967263416285763,0.796458236368193,0.860874934429096,0.722356712902383,0.722356712902383,7,1,0.988256549232159,0.989488117001828,0.884615384615385
"hypothyroid",3,"test","covered","OPTSTEL",0.990055248618785,0.943007818863007,0.901509559312025,0.921158853536478,0.842331442730212,0.842331442730212,6,0.9536354056902,0.998895027624309,1,0.9
"hypothyroid",3,"test","notcovered","OPTSTEL",0.681818181818182,0.681818181818182,0.5,0.810810810810811,0,0,1,0.0463645943097998,0.727272727272727,0.736842105263158,0.666666666666667
"hypothyroid",3,"test","all","OPTSTEL",0.975763962065332,0.935570808127811,0.77611848574238,0.836164383561644,0.673038033464655,0.673038033464655,7,1,0.986301369863014,0.989281886387996,0.8125
"hypothyroid",3,"train","covered","CART",0.984643179765131,0.939997131500225,0.88442053632165,0.910122501611863,0.820287059407737,0.820287059407737,7,1,0.993676603432701,0.994972577696526,0.884615384615385
"hypothyroid",3,"train","notcovered","CART",NA,NA,NA,NA,NA,NA,0,0,NA,NA,NA
"hypothyroid",3,"train","all","CART",0.984643179765131,0.939997131500225,0.88442053632165,0.910122501611863,0.820287059407737,0.820287059407737,7,1,0.993676603432701,0.994972577696526,0.884615384615385
"hypothyroid",3,"test","covered","CART",0.985247629083245,0.953428757705074,0.87611848574238,0.910779520790803,0.82163569971002,0.82163569971002,7,1,0.995785036880927,0.9989281886388,0.8125
"hypothyroid",3,"test","notcovered","CART",NA,NA,NA,NA,NA,NA,0,0,NA,NA,NA
"hypothyroid",3,"test","all","CART",0.985247629083245,0.953428757705074,0.87611848574238,0.910779520790803,0.82163569971002,0.82163569971002,7,1,0.995785036880927,0.9989281886388,0.8125
"hypothyroid",3,"train","covered","IntreesRRFVote",0.977416440831075,0.853178761680203,0.934382943682647,0.888991396081106,0.778133192236465,0.778133192236465,9,1,0.980126467931346,0.984460694698355,0.615384615384615
"hypothyroid",3,"train","notcovered","IntreesRRFVote",NA,NA,NA,NA,NA,NA,1,0,NA,NA,NA
"hypothyroid",3,"train","all","IntreesRRFVote",0.977416440831075,0.853178761680203,0.934382943682647,0.888991396081106,0.778133192236465,0.778133192236465,10,1,0.980126467931346,0.984460694698355,0.615384615384615
"hypothyroid",3,"test","covered","IntreesRRFVote",0.971488912354805,0.821617812852311,0.921692535107169,0.863882456280444,0.728090604562131,0.728090604562131,9,0.997892518440464,0.977824709609292,0.9828141783029,0.6875
"hypothyroid",3,"test","notcovered","IntreesRRFVote",1,1,1,1,1,1,1,0.00210748155953633,1,1,NA
"hypothyroid",3,"test","all","IntreesRRFVote",0.971548998946259,0.821625421822272,0.921718289085546,0.863899290893156,0.728123507878402,0.728123507878402,10,1,0.977871443624868,0.982851018220793,0.6875
"hypothyroid",3,"train","covered","IntreesVote",0.983717774762551,0.949982611719701,0.857562959414897,0.897926626587603,0.795979884041031,0.795979884041031,3,0.998644986449865,0.990502035278155,0.992680695333943,0.8
"hypothyroid",3,"train","notcovered","IntreesVote",1,1,1,1,1,1,1,0.00135501355013545,0.666666666666667,1,0
"hypothyroid",3,"train","all","IntreesVote",0.983739837398374,0.951525821596244,0.861547205613834,0.901015871438861,0.80215066575318,0.80215066575318,4,1,0.990063233965673,0.992687385740402,0.769230769230769
"hypothyroid",3,"test","covered","IntreesVote",0.982029598308668,0.946878422782037,0.839246119733925,0.884927194018103,0.770053475935829,0.770053475935829,3,0.996838777660696,0.99154334038055,0.994629430719656,0.8
"hypothyroid",3,"test","notcovered","IntreesVote",0.333333333333333,0.333333333333333,0.5,0.5,0,0,1,0.00316122233930449,0,0,0
"hypothyroid",3,"test","all","IntreesVote",0.979978925184405,0.922888523792138,0.841678957718781,0.877487650923718,0.755110078909125,0.755110078909125,4,1,0.98840885142255,0.992497320471597,0.75
"hypothyroid",3,"train","covered","IntreesSTEL",0.983717774762551,0.949982611719701,0.857562959414897,0.897926626587603,0.795979884041031,0.795979884041031,3,0.998644986449865,0.990502035278155,0.992680695333943,0.8
"hypothyroid",3,"train","notcovered","IntreesSTEL",1,1,1,1,1,1,1,0.00135501355013545,0.666666666666667,1,0
"hypothyroid",3,"train","all","IntreesSTEL",0.983739837398374,0.951525821596244,0.861547205613834,0.901015871438861,0.80215066575318,0.80215066575318,4,1,0.990063233965673,0.992687385740402,0.769230769230769
"hypothyroid",3,"test","covered","IntreesSTEL",0.982029598308668,0.946878422782037,0.839246119733925,0.884927194018103,0.770053475935829,0.770053475935829,3,0.996838777660696,0.99154334038055,0.994629430719656,0.8
"hypothyroid",3,"test","notcovered","IntreesSTEL",0.333333333333333,0.333333333333333,0.5,0.5,0,0,1,0.00316122233930449,0,0,0
"hypothyroid",3,"test","all","IntreesSTEL",0.979978925184405,0.922888523792138,0.841678957718781,0.877487650923718,0.755110078909125,0.755110078909125,4,1,0.98840885142255,0.992497320471597,0.75
"hypothyroid",4,"train","covered","RF",0.990514905149051,0.979277199484453,0.91438276467008,0.944218824796912,0.888467757025039,0.888467757025039,4274,1,1,1,1
"hypothyroid",4,"train","notcovered","RF",NA,NA,NA,NA,NA,NA,0,0,NA,NA,NA
"hypothyroid",4,"train","all","RF",0.990514905149051,0.979277199484453,0.91438276467008,0.944218824796912,0.888467757025039,0.888467757025039,4274,1,1,1,1
"hypothyroid",4,"test","covered","RF",0.981032665964173,0.925305239449976,0.852790068829892,0.885287955302461,0.770674471055741,0.770674471055741,4274,1,1,1,1
"hypothyroid",4,"test","notcovered","RF",NA,NA,NA,NA,NA,NA,0,0,NA,NA,NA
"hypothyroid",4,"test","all","RF",0.981032665964173,0.925305239449976,0.852790068829892,0.885287955302461,0.770674471055741,0.770674471055741,4274,1,1,1,1
"hypothyroid",4,"train","covered","PreSelectedRules",0.986889692585895,0.919872848369518,0.938822971048885,0.929113140722814,0.858230198019802,0.858230198019802,370,0.999096657633243,0.991410488245931,0.993613138686131,0.75
"hypothyroid",4,"train","notcovered","PreSelectedRules",0.5,0.5,0.5,0.666666666666667,0,0,1,0.000903342366757043,0,0,0
"hypothyroid",4,"train","all","PreSelectedRules",0.986449864498645,0.916788432785103,0.939126776699724,0.927629715182288,0.855265107603267,0.855265107603267,371,1,0.990514905149051,0.993160054719562,0.714285714285714
"hypothyroid",4,"test","covered","PreSelectedRules",0.978880675818374,0.872788864252279,0.889264766412842,0.880826537803282,0.761659074321093,0.761659074321093,370,0.997892518440464,0.991552270327349,0.993555316863588,0.875
"hypothyroid",4,"test","notcovered","PreSelectedRules",1,1,1,1,1,1,1,0.00210748155953633,0,NA,0
"hypothyroid",4,"test","all","PreSelectedRules",0.978925184404636,0.877989809878756,0.89391592920354,0.885767249265732,0.771539998555574,0.771539998555574,371,1,0.989462592202318,0.993555316863588,0.777777777777778
"hypothyroid",4,"train","covered","OptimalRules",0.98794622160408,0.921007474470997,0.929946782776971,0.925425252385562,0.850851298089965,0.850851298089965,5,0.974254742547426,0.993509503940658,0.993473193473194,1
"hypothyroid",4,"train","notcovered","OptimalRules",0.719298245614035,0.719298245614035,0.5,0.836734693877551,0,0,1,0.0257452574525745,0.87719298245614,0.854166666666667,1
"hypothyroid",4,"train","all","OptimalRules",0.981029810298103,0.91731549399664,0.864603845189932,0.888974854932302,0.778001661621323,0.778001661621323,6,1,0.990514905149051,0.990424076607387,1
"hypothyroid",4,"test","covered","OptimalRules",0.987012987012987,0.895176010430248,0.938357705286839,0.91553673177123,0.831094049904031,0.831094049904031,5,0.973656480505796,0.993506493506494,0.99562363238512,0.8
"hypothyroid",4,"test","notcovered","OptimalRules",0.6,0.6,0.5,0.75,0,0,1,0.0263435194942044,0.92,0.882352941176471,1
"hypothyroid",4,"test","all","OptimalRules",0.9768177028451,0.88974358974359,0.840019665683382,0.862983671969339,0.72603207096554,0.72603207096554,6,1,0.991570073761855,0.993555316863588,0.888888888888889
"hypothyroid",4,"train","covered","OPTSTEL",0.996212121212121,0.973043173043173,0.973043173043173,0.973043173043173,0.946086346086346,0.946086346086346,2,0.953929539295393,0.99905303030303,0.999050332383666,1
"hypothyroid",4,"train","notcovered","OPTSTEL",0.715686274509804,0.715686274509804,0.5,0.834285714285714,0,0,1,0.0460704607046071,0.843137254901961,0.827586206896552,0.933333333333333
"hypothyroid",4,"train","all","OPTSTEL",0.983288166214995,0.966304869674079,0.843390856038094,0.894549035509471,0.789326146107119,0.789326146107119,3,1,0.991869918699187,0.992248062015504,0.952380952380952
"hypothyroid",4,"test","covered","OPTSTEL",0.993377483443709,0.951408752860412,0.951408752860412,0.951408752860412,0.902817505720823,0.902817505720823,2,0.954689146469968,1,1,1
"hypothyroid",4,"test","notcovered","OPTSTEL",0.697674418604651,0.697674418604651,0.5,0.821917808219178,0,0,1,0.0453108535300316,0.883720930232558,0.903225806451613,0.833333333333333
"hypothyroid",4,"test","all","OPTSTEL",0.979978925184405,0.944400899672846,0.820562930186824,0.871406462839741,0.74312253358597,0.74312253358597,3,1,0.994731296101159,0.996777658431794,0.888888888888889
"hypothyroid",4,"train","covered","CART",0.986901535682023,0.956357114388202,0.894566073538362,0.922968853290974,0.845979283510768,0.845979283510768,6,1,0.994579945799458,0.995440036479708,0.904761904761905
"hypothyroid",4,"train","notcovered","CART",NA,NA,NA,NA,NA,NA,0,0,NA,NA,NA
"hypothyroid",4,"train","all","CART",0.986901535682023,0.956357114388202,0.894566073538362,0.922968853290974,0.845979283510768,0.845979283510768,6,1,0.994579945799458,0.995440036479708,0.904761904761905
"hypothyroid",4,"test","covered","CART",0.978925184404636,0.903113553113553,0.851683874139626,0.875439701790308,0.75093824633231,0.75093824633231,6,1,0.997892518440464,0.997851772287862,1
"hypothyroid",4,"test","notcovered","CART",NA,NA,NA,NA,NA,NA,0,0,NA,NA,NA
"hypothyroid",4,"test","all","CART",0.978925184404636,0.903113553113553,0.851683874139626,0.875439701790308,0.75093824633231,0.75093824633231,6,1,0.997892518440464,0.997851772287862,1
"hypothyroid",4,"train","covered","IntreesRRFVote",0.981481481481482,0.873810718866767,0.949957036983996,0.907876856564386,0.815852574947966,0.815852574947966,8,1,0.982836495031617,0.986776105791154,0.571428571428571
"hypothyroid",4,"train","notcovered","IntreesRRFVote",NA,NA,NA,NA,NA,NA,1,0,NA,NA,NA
"hypothyroid",4,"train","all","IntreesRRFVote",0.981481481481482,0.873810718866767,0.949957036983996,0.907876856564386,0.815852574947966,0.815852574947966,9,1,0.982836495031617,0.986776105791154,0.571428571428571
"hypothyroid",4,"test","covered","IntreesRRFVote",0.971548998946259,0.830964325529543,0.879486234021632,0.853328906621178,0.706740068442196,0.706740068442196,8,1,0.984193888303477,0.987110633727175,0.833333333333333
"hypothyroid",4,"test","notcovered","IntreesRRFVote",NA,NA,NA,NA,NA,NA,1,0,NA,NA,NA
"hypothyroid",4,"test","all","IntreesRRFVote",0.971548998946259,0.830964325529543,0.879486234021632,0.853328906621178,0.706740068442196,0.706740068442196,9,1,0.984193888303477,0.987110633727175,0.833333333333333
"hypothyroid",4,"train","covered","IntreesVote",0.985979194934419,0.964126200550742,0.875003391670058,0.914327712343304,0.828749821981365,0.828749821981365,3,0.998644986449865,0.992311171415649,0.993610223642173,0.85
"hypothyroid",4,"train","notcovered","IntreesVote",0.666666666666667,0.666666666666667,0.5,0.8,0,0,1,0.00135501355013545,1,1,1
"hypothyroid",4,"train","all","IntreesVote",0.985546522131888,0.963900067069081,0.871455551179693,0.912014107945655,0.824133925113937,0.824133925113937,4,1,0.992321589882565,0.993616051071591,0.857142857142857
"hypothyroid",4,"test","covered","IntreesVote",0.977871443624868,0.908451989777291,0.830014749262537,0.864591614178846,0.729332192478507,0.729332192478507,3,1,0.994731296101159,0.995703544575725,0.944444444444444
"hypothyroid",4,"test","notcovered","IntreesVote",NA,NA,NA,NA,NA,NA,1,0,NA,NA,NA
"hypothyroid",4,"test","all","IntreesVote",0.977871443624868,0.908451989777291,0.830014749262537,0.864591614178846,0.729332192478507,0.729332192478507,4,1,0.994731296101159,0.995703544575725,0.944444444444444
"hypothyroid",4,"train","covered","IntreesSTEL",0.985979194934419,0.964126200550742,0.875003391670058,0.914327712343304,0.828749821981365,0.828749821981365,3,0.998644986449865,0.992311171415649,0.993610223642173,0.85
"hypothyroid",4,"train","notcovered","IntreesSTEL",0.666666666666667,0.666666666666667,0.5,0.8,0,0,1,0.00135501355013545,1,1,1
"hypothyroid",4,"train","all","IntreesSTEL",0.985546522131888,0.963900067069081,0.871455551179693,0.912014107945655,0.824133925113937,0.824133925113937,4,1,0.992321589882565,0.993616051071591,0.857142857142857
"hypothyroid",4,"test","covered","IntreesSTEL",0.977871443624868,0.908451989777291,0.830014749262537,0.864591614178846,0.729332192478507,0.729332192478507,3,1,0.994731296101159,0.995703544575725,0.944444444444444
"hypothyroid",4,"test","notcovered","IntreesSTEL",NA,NA,NA,NA,NA,NA,1,0,NA,NA,NA
"hypothyroid",4,"test","all","IntreesSTEL",0.977871443624868,0.908451989777291,0.830014749262537,0.864591614178846,0.729332192478507,0.729332192478507,4,1,0.994731296101159,0.995703544575725,0.944444444444444
"hypothyroid",5,"train","covered","RF",0.989611562782294,0.973547178210391,0.909428591887151,0.938906331920428,0.877845638646471,0.877845638646471,4105,1,1,1,1
"hypothyroid",5,"train","notcovered","RF",NA,NA,NA,NA,NA,NA,0,0,NA,NA,NA
"hypothyroid",5,"train","all","RF",0.989611562782294,0.973547178210391,0.909428591887151,0.938906331920428,0.877845638646471,0.877845638646471,4105,1,1,1,1
"hypothyroid",5,"test","covered","RF",0.983140147523709,0.96205504829959,0.843338249754179,0.893040293040293,0.786297359680234,0.786297359680234,4105,1,1,1,1
"hypothyroid",5,"test","notcovered","RF",NA,NA,NA,NA,NA,NA,0,0,NA,NA,NA
"hypothyroid",5,"test","all","RF",0.983140147523709,0.96205504829959,0.843338249754179,0.893040293040293,0.786297359680234,0.786297359680234,4105,1,1,1,1
"hypothyroid",5,"train","covered","PreSelectedRules",0.984170058796924,0.90040910574003,0.9328720662054,0.91592763160039,0.831870058596168,0.831870058596168,357,0.998644986449865,0.989597467209408,0.991777067153952,0.772727272727273
"hypothyroid",5,"train","notcovered","PreSelectedRules",0.666666666666667,0.666666666666667,0.5,0.8,0,0,1,0.00135501355013545,1,1,1
"hypothyroid",5,"train","all","PreSelectedRules",0.983739837398374,0.900175438596491,0.928744047832158,0.913904251641894,0.827820406470344,0.827820406470344,358,1,0.989611562782294,0.991784573254222,0.782608695652174
"hypothyroid",5,"test","covered","PreSelectedRules",0.973572938689218,0.838109321941067,0.888858093126386,0.861465014790733,0.723009533625355,0.723009533625355,357,0.996838777660696,0.980972515856237,0.984962406015038,0.733333333333333
"hypothyroid",5,"test","notcovered","PreSelectedRules",0.666666666666667,0.666666666666667,0.5,0.8,0,0,1,0.00316122233930449,1,1,1
"hypothyroid",5,"test","all","PreSelectedRules",0.972602739726027,0.837569326171449,0.880039331366765,0.857369126896042,0.714797605011906,0.714797605011906,358,1,0.981032665964173,0.984994640943194,0.75
"hypothyroid",5,"train","covered","OptimalRules",0.98887859128823,0.91717566195423,0.944654423150569,0.930431979368149,0.860870686459391,0.860870686459391,6,0.974706413730804,0.991658943466172,0.993470149253731,0.714285714285714
"hypothyroid",5,"train","notcovered","OptimalRules",0.660714285714286,0.660714285714286,0.5,0.795698924731183,0,0,1,0.025293586269196,0.714285714285714,0.723404255319149,0.666666666666667
"hypothyroid",5,"train","all","OptimalRules",0.980578139114724,0.912754178643671,0.864366653539078,0.88687585480013,0.773797134507092,0.773797134507092,7,1,0.984643179765131,0.987676859881333,0.695652173913043
"hypothyroid",5,"test","covered","OptimalRules",0.985776805251641,0.910303916788558,0.899360921285751,0.904751216462119,0.809503959983326,0.809503959983326,6,0.963119072708114,0.991247264770241,0.994462901439646,0.727272727272727
"hypothyroid",5,"test","notcovered","OptimalRules",0.742857142857143,0.742857142857143,0.5,0.852459016393443,0,0,1,0.0368809272918862,0.828571428571429,0.833333333333333,0.8
"hypothyroid",5,"test","all","OptimalRules",0.9768177028451,0.905532979055955,0.818903638151426,0.856449394939494,0.71309605606706,0.71309605606706,7,1,0.985247629083245,0.989281886387996,0.75
"hypothyroid",5,"train","covered","OPTSTEL",0.989705194197473,0.917642509942554,0.955168558651531,0.935516700316011,0.871044720442376,0.871044720442376,5,0.965221318879856,0.99157697707066,0.993411764705882,0.666666666666667
"hypothyroid",5,"train","notcovered","OPTSTEL",0.727272727272727,0.727272727272727,0.5,0.842105263157895,0,0,1,0.0347786811201445,0.792207792207792,0.803030303030303,0.727272727272727
"hypothyroid",5,"train","all","OPTSTEL",0.980578139114724,0.912754178643671,0.864366653539078,0.88687585480013,0.773797134507092,0.773797134507092,6,1,0.984643179765131,0.987676859881333,0.695652173913043
"hypothyroid",5,"test","covered","OPTSTEL",0.988888888888889,0.911973575557391,0.935933731781483,0.92358375220758,0.847172694854814,0.847172694854814,5,0.948366701791359,0.991111111111111,0.994394618834081,0.625
"hypothyroid",5,"test","notcovered","OPTSTEL",0.755102040816326,0.755102040816326,0.5,0.86046511627907,0,0,1,0.0516332982086407,0.877551020408163,0.878048780487805,0.875
"hypothyroid",5,"test","all","OPTSTEL",0.9768177028451,0.905532979055955,0.818903638151426,0.856449394939494,0.71309605606706,0.71309605606706,6,1,0.985247629083245,0.989281886387996,0.75
"hypothyroid",5,"train","covered","CART",0.986901535682023,0.947912371774174,0.903525652500806,0.924430367678993,0.848882256857327,0.848882256857327,7,1,0.995483288166215,0.996348699224099,0.91304347826087
"hypothyroid",5,"train","notcovered","CART",NA,NA,NA,NA,NA,NA,0,0,NA,NA,NA
"hypothyroid",5,"train","all","CART",0.986901535682023,0.947912371774174,0.903525652500806,0.924430367678993,0.848882256857327,0.848882256857327,7,1,0.995483288166215,0.996348699224099,0.91304347826087
"hypothyroid",5,"test","covered","CART",0.9768177028451,0.877098413676267,0.861135693215339,0.868922651933702,0.737851887195198,0.737851887195198,7,1,0.989462592202318,0.991425509110397,0.875
"hypothyroid",5,"test","notcovered","CART",NA,NA,NA,NA,NA,NA,0,0,NA,NA,NA
"hypothyroid",5,"test","all","CART",0.9768177028451,0.877098413676267,0.861135693215339,0.868922651933702,0.737851887195198,0.737851887195198,7,1,0.989462592202318,0.991425509110397,0.875
"hypothyroid",5,"train","covered","IntreesRRFVote",0.983739837398374,0.913766861100984,0.90634510042605,0.910018288965657,0.820037390605385,0.820037390605385,10,1,0.989611562782294,0.991784573254222,0.782608695652174
"hypothyroid",5,"train","notcovered","IntreesRRFVote",NA,NA,NA,NA,NA,NA,1,0,NA,NA,NA
"hypothyroid",5,"train","all","IntreesRRFVote",0.983739837398374,0.913766861100984,0.90634510042605,0.910018288965657,0.820037390605385,0.820037390605385,11,1,0.989611562782294,0.991784573254222,0.782608695652174
"hypothyroid",5,"test","covered","IntreesRRFVote",0.974710221285564,0.855604566683965,0.870587512291052,0.862920699118879,0.725847998266688,0.725847998266688,10,1,0.983140147523709,0.987138263665595,0.75
"hypothyroid",5,"test","notcovered","IntreesRRFVote",NA,NA,NA,NA,NA,NA,1,0,NA,NA,NA
"hypothyroid",5,"test","all","IntreesRRFVote",0.974710221285564,0.855604566683965,0.870587512291052,0.862920699118879,0.725847998266688,0.725847998266688,11,1,0.983140147523709,0.987138263665595,0.75
"hypothyroid",5,"train","covered","IntreesVote",0.98681218735789,0.973612082670906,0.86526577535386,0.911774349524153,0.823677742048758,0.823677742048758,3,0.993224932249323,0.9949977262392,0.995410738871042,0.95
"hypothyroid",5,"train","notcovered","IntreesVote",0.6,0.6,0.5,0.75,0,0,1,0.00677506775067749,0.4,0.5,0
"hypothyroid",5,"train","all","IntreesVote",0.984191508581753,0.943320555188367,0.875223765708353,0.906122226462411,0.812310166593197,0.812310166593197,4,1,0.99096657633243,0.992697398448197,0.826086956521739
"hypothyroid",5,"test","covered","IntreesVote",0.981914893617021,0.972016495539471,0.804321875254348,0.86844596652699,0.737378385485142,0.737378385485142,3,0.990516332982086,0.99468085106383,0.995680345572354,0.928571428571429
"hypothyroid",5,"test","notcovered","IntreesVote",0.444444444444444,0.444444444444444,0.5,0.615384615384615,0,0,1,0.00948366701791359,0.222222222222222,0.285714285714286,0
"hypothyroid",5,"test","all","IntreesVote",0.9768177028451,0.905532979055955,0.818903638151426,0.856449394939494,0.71309605606706,0.71309605606706,4,1,0.987355110642782,0.990353697749196,0.8125
"hypothyroid",5,"train","covered","IntreesSTEL",0.98681218735789,0.973612082670906,0.86526577535386,0.911774349524153,0.823677742048758,0.823677742048758,3,0.993224932249323,0.9949977262392,0.995410738871042,0.95
"hypothyroid",5,"train","notcovered","IntreesSTEL",0.6,0.6,0.5,0.75,0,0,1,0.00677506775067749,0.4,0.5,0
"hypothyroid",5,"train","all","IntreesSTEL",0.984191508581753,0.943320555188367,0.875223765708353,0.906122226462411,0.812310166593197,0.812310166593197,4,1,0.99096657633243,0.992697398448197,0.826086956521739
"hypothyroid",5,"test","covered","IntreesSTEL",0.980851063829787,0.970710382513661,0.792126753303128,0.858674952390498,0.717952992165361,0.717952992165361,3,0.990516332982086,0.993617021276596,0.994600431965443,0.928571428571429
"hypothyroid",5,"test","notcovered","IntreesSTEL",0.444444444444444,0.444444444444444,0.5,0.615384615384615,0,0,1,0.00948366701791359,0.222222222222222,0.285714285714286,0
"hypothyroid",5,"test","all","IntreesSTEL",0.975763962065332,0.902475088396014,0.807792527040315,0.848108224716599,0.696472027923405,0.696472027923405,4,1,0.986301369863014,0.989281886387996,0.8125
"hypothyroid",6,"train","covered","RF",0.990514905149051,0.96133677197507,0.932301922594966,0.946294103717736,0.892594286664726,0.892594286664726,4124,1,1,1,1
"hypothyroid",6,"train","notcovered","RF",NA,NA,NA,NA,NA,NA,0,0,NA,NA,NA
"hypothyroid",6,"train","all","RF",0.990514905149051,0.96133677197507,0.932301922594966,0.946294103717736,0.892594286664726,0.892594286664726,4124,1,1,1,1
"hypothyroid",6,"test","covered","RF",0.9768177028451,0.897181721194879,0.829461651917404,0.859796389814118,0.71971324240146,0.71971324240146,4124,1,1,1,1
"hypothyroid",6,"test","notcovered","RF",NA,NA,NA,NA,NA,NA,0,0,NA,NA,NA
"hypothyroid",6,"test","all","RF",0.9768177028451,0.897181721194879,0.829461651917404,0.859796389814118,0.71971324240146,0.71971324240146,4124,1,1,1,1
"hypothyroid",6,"train","covered","PreSelectedRules",0.986865942028985,0.912793075245365,0.946943246546595,0.929106580382301,0.858225875017713,0.858225875017713,366,0.997289972899729,0.992300724637681,0.993607305936073,0.833333333333333
"hypothyroid",6,"train","notcovered","PreSelectedRules",0.5,0.5,0.5,0.666666666666667,0,0,1,0.00271002710027102,0,0,0
"hypothyroid",6,"train","all","PreSelectedRules",0.985546522131888,0.904394164833743,0.94761197236046,0.924765529427756,0.849554064384609,0.849554064384609,367,1,0.989611562782294,0.992248062015504,0.714285714285714
"hypothyroid",6,"test","covered","PreSelectedRules",0.974630021141649,0.861857353560893,0.846175166297118,0.853820598006644,0.707648725212465,0.707648725212465,366,0.996838777660696,0.994714587737844,0.995675675675676,0.952380952380952
"hypothyroid",6,"test","notcovered","PreSelectedRules",0.333333333333333,0.333333333333333,0.5,0.5,0,0,1,0.00316122233930449,0,0,0
"hypothyroid",6,"test","all","PreSelectedRules",0.972602739726027,0.84836529006883,0.84836529006883,0.84836529006883,0.69673058013766,0.69673058013766,367,1,0.991570073761855,0.993527508090615,0.909090909090909
"hypothyroid",6,"train","covered","OptimalRules",0.99165120593692,0.930412018444147,0.951899951899952,0.940871388260819,0.881745659314876,0.881745659314876,6,0.973803071364047,0.996289424860853,0.997198879551821,0.857142857142857
"hypothyroid",6,"train","notcovered","OptimalRules",0.5,0.5,0.5,0.666666666666667,0,0,1,0.026196928635953,0.448275862068966,0.470588235294118,0.285714285714286
"hypothyroid",6,"train","all","OptimalRules",0.97877145438121,0.854428360925717,0.957493466041316,0.898463655124971,0.797142868282641,0.797142868282641,7,1,0.98193315266486,0.984952120383037,0.666666666666667
"hypothyroid",6,"test","covered","OptimalRules",0.977395048439182,0.867753623188406,0.819840019391589,0.841956886285756,0.683977775257965,0.683977775257965,6,0.978925184404636,0.997847147470398,0.997802197802198,1
"hypothyroid",6,"test","notcovered","OptimalRules",0.4,0.4,0.5,0.571428571428572,0,0,1,0.0210748155953635,0.35,0.352941176470588,0.333333333333333
"hypothyroid",6,"test","all","OptimalRules",0.96522655426765,0.800445930880713,0.844493608652901,0.820735330314774,0.641571194762684,0.641571194762684,7,1,0.984193888303477,0.985976267529666,0.909090909090909
"hypothyroid",6,"train","covered","OPTSTEL",0.992074592074592,0.930645277060006,0.957868026760958,0.943803255142314,0.887610840399071,0.887610840399071,5,0.968834688346883,0.996270396270396,0.99718574108818,0.846153846153846
"hypothyroid",6,"train","notcovered","OPTSTEL",0.565217391304348,0.565217391304348,0.5,0.722222222222222,0,0,1,0.0311653116531165,0.623188405797101,0.60655737704918,0.75
"hypothyroid",6,"train","all","OPTSTEL",0.97877145438121,0.923659946866698,0.82757957108589,0.868790404845997,0.737787454075385,0.737787454075385,6,1,0.984643179765131,0.986320109439125,0.80952380952381
"hypothyroid",6,"test","covered","OPTSTEL",0.977297297297297,0.867721164613662,0.81981981981982,0.841930522666797,0.683925346177002,0.683925346177002,5,0.974710221285564,0.997837837837838,0.997792494481236,1
"hypothyroid",6,"test","notcovered","OPTSTEL",0.666666666666667,0.666666666666667,0.5,0.8,0,0,1,0.0252897787144363,0.708333333333333,0.714285714285714,0.666666666666667
"hypothyroid",6,"test","all","OPTSTEL",0.969441517386723,0.863549618320611,0.762241887905605,0.803725653808026,0.607923867052271,0.607923867052271,6,1,0.990516332982086,0.991370010787487,0.954545454545455
"hypothyroid",6,"train","covered","CART",0.985094850948509,0.953658220255176,0.875698149010061,0.910611668124622,0.821302261420835,0.821302261420835,5,1,0.993676603432701,0.994072047423621,0.952380952380952
"hypothyroid",6,"train","notcovered","CART",NA,NA,NA,NA,NA,NA,0,0,NA,NA,NA
"hypothyroid",6,"train","all","CART",0.985094850948509,0.953658220255176,0.875698149010061,0.910611668124622,0.821302261420835,0.821302261420835,5,1,0.993676603432701,0.994072047423621,0.952380952380952
"hypothyroid",6,"test","covered","CART",0.978925184404636,0.955734632683658,0.798893805309735,0.859382408724514,0.719297207761477,0.719297207761477,5,1,0.989462592202318,0.995685005393743,0.727272727272727
"hypothyroid",6,"test","notcovered","CART",NA,NA,NA,NA,NA,NA,0,0,NA,NA,NA
"hypothyroid",6,"test","all","CART",0.978925184404636,0.955734632683658,0.798893805309735,0.859382408724514,0.719297207761477,0.719297207761477,5,1,0.989462592202318,0.995685005393743,0.727272727272727
"hypothyroid",6,"train","covered","IntreesRRFVote",0.982782057091074,0.880888498075998,0.955124693542159,0.914257964257964,0.828600741464371,0.828600741464371,9,0.99683830171635,0.986859990937925,0.989478499542543,0.714285714285714
"hypothyroid",6,"train","notcovered","IntreesRRFVote",1,1,1,1,1,1,1,0.00316169828364954,1,1,NA
"hypothyroid",6,"train","all","IntreesRRFVote",0.982836495031617,0.880894954458293,0.95514840141778,0.914273137449103,0.828630789913227,0.828630789913227,10,1,0.986901535682023,0.989512083903329,0.714285714285714
"hypothyroid",6,"test","covered","IntreesRRFVote",0.97037037037037,0.822216547497446,0.889444444444444,0.852178770949721,0.704522613065326,0.704522613065326,9,0.995785036880927,0.980952380952381,0.986998916576381,0.727272727272727
"hypothyroid",6,"test","notcovered","IntreesRRFVote",1,1,1,1,1,1,1,0.00421496311907266,1,1,NA
"hypothyroid",6,"test","all","IntreesRRFVote",0.970495258166491,0.822239170225747,0.889491150442478,0.852213570634038,0.704591439688716,0.704591439688716,10,1,0.981032665964173,0.98705501618123,0.727272727272727
"hypothyroid",6,"train","covered","IntreesVote",0.98312813497492,0.983360501953065,0.812261564139247,0.877791048462768,0.756032219947142,0.756032219947142,3,0.990514905149051,0.98860009119927,0.989885057471264,0.833333333333333
"hypothyroid",6,"train","notcovered","IntreesVote",0.523809523809524,0.523809523809524,0.5,0.6875,0,0,1,0.00948509485094851,0.380952380952381,0.444444444444444,0
"hypothyroid",6,"train","all","IntreesVote",0.97877145438121,0.981120510458148,0.782781676273674,0.853766299834033,0.708362527535972,0.708362527535972,4,1,0.982836495031617,0.985408116735066,0.714285714285714
"hypothyroid",6,"test","covered","IntreesVote",0.979830148619958,0.970185387131952,0.78515873015873,0.852980556764882,0.706657488445275,0.706657488445275,3,0.992623814541623,0.989384288747346,0.995656894679696,0.714285714285714
"hypothyroid",6,"test","notcovered","IntreesVote",0.571428571428571,0.571428571428571,0.5,0.727272727272727,0,0,1,0.00737618545837726,0.714285714285714,0.666666666666667,1
"hypothyroid",6,"test","all","IntreesVote",0.9768177028451,0.968636363636364,0.766113569321534,0.836839637386683,0.674696167030227,0.674696167030227,4,1,0.987355110642782,0.993527508090615,0.727272727272727
"hypothyroid",6,"train","covered","IntreesSTEL",0.98312813497492,0.983360501953065,0.812261564139247,0.877791048462768,0.756032219947142,0.756032219947142,3,0.990514905149051,0.98860009119927,0.989885057471264,0.833333333333333
"hypothyroid",6,"train","notcovered","IntreesSTEL",0.523809523809524,0.523809523809524,0.5,0.6875,0,0,1,0.00948509485094851,0.380952380952381,0.444444444444444,0
"hypothyroid",6,"train","all","IntreesSTEL",0.97877145438121,0.981120510458148,0.782781676273674,0.853766299834033,0.708362527535972,0.708362527535972,4,1,0.982836495031617,0.985408116735066,0.714285714285714
"hypothyroid",6,"test","covered","IntreesSTEL",0.979830148619958,0.970185387131952,0.78515873015873,0.852980556764882,0.706657488445275,0.706657488445275,3,0.992623814541623,0.989384288747346,0.995656894679696,0.714285714285714
"hypothyroid",6,"test","notcovered","IntreesSTEL",0.571428571428571,0.571428571428571,0.5,0.727272727272727,0,0,1,0.00737618545837726,0.714285714285714,0.666666666666667,1
"hypothyroid",6,"test","all","IntreesSTEL",0.9768177028451,0.968636363636364,0.766113569321534,0.836839637386683,0.674696167030227,0.674696167030227,4,1,0.987355110642782,0.993527508090615,0.727272727272727
"hypothyroid",7,"train","covered","RF",0.989611562782294,0.964409726534363,0.918388170849594,0.940065464021271,0.88014799681788,0.88014799681788,3608,1,1,1,1
"hypothyroid",7,"train","notcovered","RF",NA,NA,NA,NA,NA,NA,0,0,NA,NA,NA
"hypothyroid",7,"train","all","RF",0.989611562782294,0.964409726534363,0.918388170849594,0.940065464021271,0.88014799681788,0.88014799681788,3608,1,1,1,1
"hypothyroid",7,"test","covered","RF",0.979978925184405,0.944400899672846,0.820562930186824,0.871406462839741,0.74312253358597,0.74312253358597,3608,1,1,1,1
"hypothyroid",7,"test","notcovered","RF",NA,NA,NA,NA,NA,NA,0,0,NA,NA,NA
"hypothyroid",7,"test","all","RF",0.979978925184405,0.944400899672846,0.820562930186824,0.871406462839741,0.74312253358597,0.74312253358597,3608,1,1,1,1
"hypothyroid",7,"train","covered","PreSelectedRules",0.987782805429864,0.921041336715467,0.947886989553656,0.933998838591931,0.868004831195722,0.868004831195722,347,0.998193315266486,0.992760180995475,0.994974874371859,0.761904761904762
"hypothyroid",7,"train","notcovered","PreSelectedRules",0.5,0.5,0.5,0.666666666666667,0,0,1,0.00180668473351397,0,0,0
"hypothyroid",7,"train","all","PreSelectedRules",0.986901535682023,0.91500921763987,0.948323547313021,0.930942503713376,0.86189703902227,0.86189703902227,348,1,0.99096657633243,0.99406663623916,0.695652173913043
"hypothyroid",7,"test","covered","PreSelectedRules",0.976744186046512,0.874315212810788,0.858093126385809,0.866002214839424,0.732011331444759,0.732011331444759,347,0.996838777660696,0.989429175475687,0.992456896551724,0.833333333333333
"hypothyroid",7,"test","notcovered","PreSelectedRules",0.333333333333333,0.333333333333333,0.5,0.5,0,0,1,0.00316122233930449,0,0,0
"hypothyroid",7,"test","all","PreSelectedRules",0.974710221285564,0.860029498525074,0.860029498525074,0.860029498525074,0.720058997050147,0.720058997050147,348,1,0.986301369863014,0.990322580645161,0.789473684210526
"hypothyroid",7,"train","covered","OptimalRules",0.9930426716141,0.965542558179709,0.9385530544755,0.951609355524599,0.903222331282469,0.903222331282469,5,0.973803071364047,0.999536178107607,0.99953314659197,1
"hypothyroid",7,"train","notcovered","OptimalRules",0.603448275862069,0.603448275862069,0.5,0.752688172043011,0,0,1,0.026196928635953,0.724137931034483,0.693877551020408,0.888888888888889
"hypothyroid",7,"train","all","OptimalRules",0.982836495031617,0.960223998847594,0.84315366438724,0.892262221857968,0.784740558796438,0.784740558796438,6,1,0.992321589882565,0.992697398448197,0.956521739130435
"hypothyroid",7,"test","covered","OptimalRules",0.987978142076503,0.97167362312939,0.838144066559626,0.893131310986292,0.78644628800577,0.78644628800577,5,0.964172813487882,0.997814207650273,0.997792494481236,1
"hypothyroid",7,"test","notcovered","OptimalRules",0.588235294117647,0.588235294117647,0.5,0.740740740740741,0,0,1,0.035827186512118,0.764705882352941,0.75,0.8
"hypothyroid",7,"test","all","OptimalRules",0.973656480505796,0.964327743453957,0.732780235988201,0.806605965258361,0.614872652305895,0.614872652305895,6,1,0.989462592202318,0.991397849462366,0.894736842105263
"hypothyroid",7,"train","covered","OPTSTEL",0.996705882352941,0.967460198163667,0.985447154471545,0.976269899384373,0.952540480178672,0.952540480178672,3,0.959801264679313,1,1,1
"hypothyroid",7,"train","notcovered","OPTSTEL",0.651685393258427,0.651685393258427,0.5,0.789115646258503,0,0,1,0.0401987353206865,0.808988764044944,0.780821917808219,0.9375
"hypothyroid",7,"train","all","OPTSTEL",0.982836495031617,0.960223998847594,0.84315366438724,0.892262221857968,0.784740558796438,0.784740558796438,4,1,0.992321589882565,0.992697398448197,0.956521739130435
"hypothyroid",7,"test","covered","OPTSTEL",0.992222222222222,0.9738558707807,0.888316151202749,0.926572570775883,0.853187919463087,0.853187919463087,3,0.948366701791359,1,1,1
"hypothyroid",7,"test","notcovered","OPTSTEL",0.63265306122449,0.63265306122449,0.5,0.775,0,0,1,0.0516332982086407,0.795918367346939,0.783783783783784,0.833333333333333
"hypothyroid",7,"test","all","OPTSTEL",0.973656480505796,0.964327743453957,0.732780235988201,0.806605965258361,0.614872652305895,0.614872652305895,4,1,0.989462592202318,0.991397849462366,0.894736842105263
"hypothyroid",7,"train","covered","CART",0.984191508581753,0.947676020945803,0.870743976227131,0.905194193465508,0.810472095446341,0.810472095446341,5,1,0.994579945799458,0.994523048836148,1
"hypothyroid",7,"train","notcovered","CART",NA,NA,NA,NA,NA,NA,0,0,NA,NA,NA
"hypothyroid",7,"train","all","CART",0.984191508581753,0.947676020945803,0.870743976227131,0.905194193465508,0.810472095446341,0.810472095446341,5,1,0.994579945799458,0.994523048836148,1
"hypothyroid",7,"test","covered","CART",0.975763962065332,0.967274774774775,0.755002458210423,0.827045744486969,0.655296031332417,0.655296031332417,5,1,0.989462592202318,0.99247311827957,0.842105263157895
"hypothyroid",7,"test","notcovered","CART",NA,NA,NA,NA,NA,NA,0,0,NA,NA,NA
"hypothyroid",7,"test","all","CART",0.975763962065332,0.967274774774775,0.755002458210423,0.827045744486969,0.655296031332417,0.655296031332417,5,1,0.989462592202318,0.99247311827957,0.842105263157895
"hypothyroid",7,"train","covered","IntreesRRFVote",0.982917820867959,0.868910859090375,0.981624433629804,0.916761096598965,0.833710280490184,0.833710280490184,10,0.978319783197832,0.981994459833795,0.986499068901304,0.444444444444444
"hypothyroid",7,"train","notcovered","IntreesRRFVote",0.895833333333333,0.895833333333333,0.5,0.945054945054945,0,0,1,0.021680216802168,1,1,1
"hypothyroid",7,"train","all","IntreesRRFVote",0.981029810298103,0.867720292766935,0.958679424295586,0.907485673352435,0.815115557747062,0.815115557747062,11,1,0.982384823848238,0.986764034687357,0.565217391304348
"hypothyroid",7,"test","covered","IntreesRRFVote",0.978378378378378,0.852905542338532,0.931982419241762,0.88792226045655,0.775980237824223,0.775980237824223,10,0.974710221285564,0.978378378378378,0.986798679867987,0.5
"hypothyroid",7,"test","notcovered","IntreesRRFVote",0.875,0.875,0.5,0.933333333333333,0,0,1,0.0252897787144363,1,1,1
"hypothyroid",7,"test","all","IntreesRRFVote",0.975763962065332,0.851309921962096,0.90281465093412,0.875057957492115,0.750185984228537,0.750185984228537,11,1,0.978925184404636,0.987096774193548,0.578947368421053
"hypothyroid",7,"train","covered","IntreesVote",0.995278564683664,0.952449292555192,0.985380026198,0.968284297283051,0.936572013823587,0.936572013823587,2,0.956639566395664,0.997639282341832,0.997633696166588,1
"hypothyroid",7,"train","notcovered","IntreesVote",0.71875,0.71875,0.5,0.836363636363636,0,0,1,0.0433604336043361,0.84375,0.846153846153846,0.833333333333333
"hypothyroid",7,"train","all","IntreesVote",0.983288166214995,0.946130467217418,0.86131001396298,0.898775064348355,0.797660391153354,0.797660391153354,3,1,0.99096657633243,0.992240985851209,0.869565217391304
"hypothyroid",7,"test","covered","IntreesVote",0.991169977924945,0.979337899543379,0.9022030651341,0.93710298864938,0.874245263377055,0.874245263377055,2,0.954689146469968,0.998896247240618,1,0.888888888888889
"hypothyroid",7,"test","notcovered","IntreesVote",0.790697674418605,0.790697674418605,0.5,0.883116883116883,0,0,1,0.0453108535300316,0.930232558139535,0.96969696969697,0.8
"hypothyroid",7,"test","all","IntreesVote",0.982086406743941,0.974628219078709,0.82166912487709,0.882004022673249,0.764395764877692,0.764395764877692,3,1,0.995785036880927,0.998924731182796,0.842105263157895
"hypothyroid",7,"train","covered","IntreesSTEL",0.996694995278565,0.974263984298332,0.980031785250899,0.97712894701524,0.954257964593578,0.954257964593578,2,0.956639566395664,0.999055712936733,0.999053478466635,1
"hypothyroid",7,"train","notcovered","IntreesSTEL",0.71875,0.71875,0.5,0.836363636363636,0,0,1,0.0433604336043361,0.84375,0.846153846153846,0.833333333333333
"hypothyroid",7,"train","all","IntreesSTEL",0.984643179765131,0.967970946579194,0.85754179943432,0.90459460692613,0.809352554426558,0.809352554426558,3,1,0.992321589882565,0.993610223642173,0.869565217391304
"hypothyroid",7,"test","covered","IntreesSTEL",0.986754966887417,0.974519230769231,0.846647509578544,0.899797235023041,0.799779005524863,0.799779005524863,2,0.954689146469968,0.996688741721854,0.996655518394649,1
"hypothyroid",7,"test","notcovered","IntreesSTEL",0.790697674418605,0.790697674418605,0.5,0.883116883116883,0,0,1,0.0453108535300316,0.930232558139535,0.96969696969697,0.8
"hypothyroid",7,"test","all","IntreesSTEL",0.977871443624868,0.969934994582882,0.777224680432645,0.846365549619556,0.693583849690186,0.693583849690186,3,1,0.993677555321391,0.995698924731183,0.894736842105263
"hypothyroid",8,"train","covered","RF",0.988256549232159,0.967278719397363,0.899757437972146,0.930601635739362,0.861246095105866,0.861246095105866,4496,1,1,1,1
"hypothyroid",8,"train","notcovered","RF",NA,NA,NA,NA,NA,NA,0,0,NA,NA,NA
"hypothyroid",8,"train","all","RF",0.988256549232159,0.967278719397363,0.899757437972146,0.930601635739362,0.861246095105866,0.861246095105866,4496,1,1,1,1
"hypothyroid",8,"test","covered","RF",0.984193888303477,0.951761591821833,0.865007374631268,0.903279724413461,0.806665851770362,0.806665851770362,4496,1,1,1,1
"hypothyroid",8,"test","notcovered","RF",NA,NA,NA,NA,NA,NA,0,0,NA,NA,NA
"hypothyroid",8,"test","all","RF",0.984193888303477,0.951761591821833,0.865007374631268,0.903279724413461,0.806665851770362,0.806665851770362,4496,1,1,1,1
"hypothyroid",8,"train","covered","PreSelectedRules",0.983265490728177,0.894893577532754,0.927234310539958,0.910347019403059,0.820709954129345,0.820709954129345,335,0.998644986449865,0.989597467209408,0.991769547325103,0.791666666666667
"hypothyroid",8,"train","notcovered","PreSelectedRules",0.666666666666667,0.666666666666667,0.5,0.8,0,0,1,0.00135501355013545,0,0,0
"hypothyroid",8,"train","all","PreSelectedRules",0.982836495031617,0.893215213175109,0.92826966453045,0.909897058256545,0.819813413975961,0.819813413975961,336,1,0.988256549232159,0.991316270566728,0.730769230769231
"hypothyroid",8,"test","covered","PreSelectedRules",0.978925184404636,0.873106575963719,0.904473942969518,0.888073784026041,0.776168687202227,0.776168687202227,335,1,0.986301369863014,0.990364025695932,0.733333333333333
"hypothyroid",8,"test","notcovered","PreSelectedRules",NA,NA,NA,NA,NA,NA,1,0,NA,NA,NA
"hypothyroid",8,"test","all","PreSelectedRules",0.978925184404636,0.873106575963719,0.904473942969518,0.888073784026041,0.776168687202227,0.776168687202227,336,1,0.986301369863014,0.990364025695932,0.733333333333333
"hypothyroid",8,"train","covered","OptimalRules",0.987031032885595,0.909333981526495,0.942450157127402,0.925175019061482,0.850361891937384,0.850361891937384,7,0.975158084914182,0.991662806855026,0.993922393641889,0.75
"hypothyroid",8,"train","notcovered","OptimalRules",0.781818181818182,0.781818181818182,0.5,0.877551020408163,0,0,1,0.0248419150858176,0.890909090909091,0.877551020408163,1
"hypothyroid",8,"train","all","OptimalRules",0.98193315266486,0.90655637254902,0.89195696537897,0.899106817353263,0.798217312845191,0.798217312845191,8,1,0.989159891598916,0.991316270566728,0.807692307692308
"hypothyroid",8,"test","covered","OptimalRules",0.985930735930736,0.909106334841629,0.919122120817036,0.914047126675301,0.828095483427786,0.828095483427786,7,0.973656480505796,0.992424242424242,0.995614035087719,0.75
"hypothyroid",8,"test","notcovered","OptimalRules",0.76,0.76,0.5,0.863636363636364,0,0,1,0.0263435194942044,0.88,0.863636363636364,1
"hypothyroid",8,"test","all","OptimalRules",0.979978925184405,0.905899339933993,0.862794985250738,0.882995360306285,0.766028677090768,0.766028677090768,8,1,0.989462592202318,0.992505353319058,0.8
"hypothyroid",8,"train","covered","OPTSTEL",0.991569086651054,0.946287224362091,0.935553527980535,0.940849258730237,0.881699245805756,0.881699245805756,6,0.964317976513098,0.997658079625293,0.99811320754717,0.933333333333333
"hypothyroid",8,"train","notcovered","OPTSTEL",0.670886075949367,0.670886075949367,0.5,0.803030303030303,0,0,1,0.0356820234869015,0.784810126582278,0.764705882352941,0.909090909090909
"hypothyroid",8,"train","all","OPTSTEL",0.980126467931346,0.940290982425814,0.828291146038452,0.875250993730279,0.750752225974823,0.750752225974823,7,1,0.990063233965673,0.990859232175503,0.923076923076923
"hypothyroid",8,"test","covered","OPTSTEL",0.991228070175439,0.960892049127343,0.905113636363636,0.931065759637188,0.862152357920193,0.862152357920193,6,0.961011591148577,1,1,1
"hypothyroid",8,"test","notcovered","OPTSTEL",0.648648648648649,0.648648648648649,0.5,0.786885245901639,0,0,1,0.0389884088514225,0.783783783783784,0.766666666666667,0.857142857142857
"hypothyroid",8,"test","all","OPTSTEL",0.977871443624868,0.953970839149992,0.787782694198623,0.85041095890411,0.701469508815556,0.701469508815556,7,1,0.991570073761855,0.992505353319058,0.933333333333333
"hypothyroid",8,"train","covered","CART",0.985094850948509,0.93691413526738,0.893617306934947,0.914006970117475,0.828038430216958,0.828038430216958,6,1,0.994128274616079,0.995429616087751,0.884615384615385
"hypothyroid",8,"train","notcovered","CART",NA,NA,NA,NA,NA,NA,0,0,NA,NA,NA
"hypothyroid",8,"train","all","CART",0.985094850948509,0.93691413526738,0.893617306934947,0.914006970117475,0.828038430216958,0.828038430216958,6,1,0.994128274616079,0.995429616087751,0.884615384615385
"hypothyroid",8,"test","covered","CART",0.983140147523709,0.950031259768678,0.853896263520157,0.895599559955996,0.791342586230589,0.791342586230589,6,1,0.994731296101159,0.99678800856531,0.866666666666667
"hypothyroid",8,"test","notcovered","CART",NA,NA,NA,NA,NA,NA,0,0,NA,NA,NA
"hypothyroid",8,"test","all","CART",0.983140147523709,0.950031259768678,0.853896263520157,0.895599559955996,0.791342586230589,0.791342586230589,6,1,0.994731296101159,0.99678800856531,0.866666666666667
"hypothyroid",8,"train","covered","IntreesRRFVote",0.985998193315267,0.931384217456294,0.912010848161541,0.921448657334446,0.842901809625395,0.842901809625395,12,1,0.994128274616079,0.995886654478976,0.846153846153846
"hypothyroid",8,"train","notcovered","IntreesRRFVote",NA,NA,NA,NA,NA,NA,1,0,NA,NA,NA
"hypothyroid",8,"train","all","IntreesRRFVote",0.985998193315267,0.931384217456294,0.912010848161541,0.921448657334446,0.842901809625395,0.842901809625395,13,1,0.994128274616079,0.995886654478976,0.846153846153846
"hypothyroid",8,"test","covered","IntreesRRFVote",0.982086406743941,0.904118533400301,0.895575221238938,0.899795653443146,0.799592551645321,0.799592551645321,12,1,0.989462592202318,0.993576017130621,0.733333333333333
"hypothyroid",8,"test","notcovered","IntreesRRFVote",NA,NA,NA,NA,NA,NA,1,0,NA,NA,NA
"hypothyroid",8,"test","all","IntreesRRFVote",0.982086406743941,0.904118533400301,0.895575221238938,0.899795653443146,0.799592551645321,0.799592551645321,13,1,0.989462592202318,0.993576017130621,0.733333333333333
"hypothyroid",8,"train","covered","IntreesVote",0.984608420099593,0.951481372337893,0.867270120506366,0.90458513730512,0.809267197594572,0.809267197594572,4,0.997741644083108,0.995020371208692,0.995421245421245,0.96
"hypothyroid",8,"train","notcovered","IntreesVote",0.6,0.6,0.5,0.75,0,0,1,0.0022583559168925,0.4,0.5,0
"hypothyroid",8,"train","all","IntreesVote",0.983739837398374,0.942513683400325,0.870506784576277,0.902965195837331,0.806006912330234,0.806006912330234,5,1,0.993676603432701,0.994515539305302,0.923076923076923
"hypothyroid",8,"test","covered","IntreesVote",0.981012658227848,0.946348733233979,0.831672203765227,0.87966488956588,0.759573928480852,0.759573928480852,4,0.998946259220232,0.994725738396624,0.995712754555198,0.933333333333333
"hypothyroid",8,"test","notcovered","IntreesVote",0,0,0,NA,0,0,1,0.00105374077976816,0,0,NA
"hypothyroid",8,"test","all","IntreesVote",0.979978925184405,0.93297974927676,0.831120943952802,0.874524185635451,0.749259501328031,0.749259501328031,5,1,0.993677555321391,0.994646680942184,0.933333333333333
"hypothyroid",8,"train","covered","IntreesSTEL",0.985061113626075,0.957067666586398,0.86750753741045,0.906912866090754,0.813930515885475,0.813930515885475,4,0.997741644083108,0.995473064735174,0.995879120879121,0.96
"hypothyroid",8,"train","notcovered","IntreesSTEL",0.6,0.6,0.5,0.75,0,0,1,0.0022583559168925,0.4,0.5,0
"hypothyroid",8,"train","all","IntreesSTEL",0.984191508581753,0.947676020945803,0.870743976227131,0.905194193465508,0.810472095446341,0.810472095446341,5,1,0.994128274616079,0.994972577696526,0.923076923076923
"hypothyroid",8,"test","covered","IntreesSTEL",0.982067510548523,0.960562227074236,0.832225913621262,0.884937492414128,0.770152319014206,0.770152319014206,4,0.998946259220232,0.9957805907173,0.996784565916399,0.933333333333333
"hypothyroid",8,"test","notcovered","IntreesSTEL",0,0,0,NA,0,0,1,0.00105374077976816,0,0,NA
"hypothyroid",8,"test","all","IntreesSTEL",0.981032665964173,0.94635768161969,0.831674041297935,0.87967032967033,0.759584529640263,0.759584529640263,5,1,0.994731296101159,0.995717344753747,0.933333333333333
"hypothyroid",9,"train","covered","RF",0.990514905149051,0.97448708004441,0.918862554151301,0.944753324437273,0.889528833131371,0.889528833131371,4121,1,1,1,1
"hypothyroid",9,"train","notcovered","RF",NA,NA,NA,NA,NA,NA,0,0,NA,NA,NA
"hypothyroid",9,"train","all","RF",0.990514905149051,0.97448708004441,0.918862554151301,0.944753324437273,0.889528833131371,0.889528833131371,4121,1,1,1,1
"hypothyroid",9,"test","covered","RF",0.985247629083245,0.934068443107338,0.897234513274336,0.914741516504954,0.829500538986704,0.829500538986704,4121,1,1,1,1
"hypothyroid",9,"test","notcovered","RF",NA,NA,NA,NA,NA,NA,0,0,NA,NA,NA
"hypothyroid",9,"test","all","RF",0.985247629083245,0.934068443107338,0.897234513274336,0.914741516504954,0.829500538986704,0.829500538986704,4121,1,1,1,1
"hypothyroid",9,"train","covered","PreSelectedRules",0.984162895927602,0.890773477729999,0.945050600885516,0.915925649361589,0.831892411143131,0.831892411143131,339,0.998193315266486,0.988235294117647,0.990415335463259,0.736842105263158
"hypothyroid",9,"train","notcovered","PreSelectedRules",1,1,1,1,1,1,1,0.00180668473351397,0.5,1,0
"hypothyroid",9,"train","all","PreSelectedRules",0.984191508581753,0.894305299443639,0.946900397407898,0.91874181414746,0.837521963575062,0.837521963575062,340,1,0.987353206865402,0.990424076607387,0.666666666666667
"hypothyroid",9,"test","covered","PreSelectedRules",0.979915433403805,0.871644295302013,0.926119126896041,0.896769376561468,0.793596839760226,0.793596839760226,339,0.996838777660696,0.988372093023256,0.991416309012876,0.785714285714286
"hypothyroid",9,"test","notcovered","PreSelectedRules",0,0,0,NA,0,0,1,0.00316122233930449,0,0,NA
"hypothyroid",9,"test","all","PreSelectedRules",0.9768177028451,0.851189749847468,0.924483775811209,0.883882091212458,0.767893274041133,0.767893274041133,340,1,0.985247629083245,0.988235294117647,0.785714285714286
"hypothyroid",9,"train","covered","OptimalRules",0.986078886310905,0.915787249931219,0.923947782353,0.919823301221315,0.839647397897682,0.839647397897682,6,0.973351400180668,0.988863109048724,0.99111734455353,0.6875
"hypothyroid",9,"train","notcovered","OptimalRules",0.847457627118644,0.847457627118644,0.5,0.91743119266055,0,0,1,0.0266485998193315,0.932203389830508,0.925925925925926,1
"hypothyroid",9,"train","all","OptimalRules",0.982384823848238,0.913754566946056,0.887714367548602,0.900260478332939,0.800532246663062,0.800532246663062,7,1,0.987353206865402,0.989512083903329,0.761904761904762
"hypothyroid",9,"test","covered","OptimalRules",0.985961123110151,0.915207142669019,0.924612152553329,0.919850860547954,0.839702788356547,0.839702788356547,6,0.975763962065332,0.99244060475162,0.994541484716157,0.8
"hypothyroid",9,"test","notcovered","OptimalRules",0.869565217391304,0.869565217391304,0.5,0.930232558139535,0,0,1,0.0242360379346681,0.956521739130435,1,0.75
"hypothyroid",9,"test","all","OptimalRules",0.983140147523709,0.913637763745572,0.896128318584071,0.904671019588147,0.809346827051053,0.809346827051053,7,1,0.991570073761855,0.994652406417112,0.785714285714286
"hypothyroid",9,"train","covered","OPTSTEL",0.995734597156398,0.967764778325123,0.973452623575092,0.970590011754703,0.941180114604306,0.941180114604306,4,0.953026196928636,0.998104265402844,0.998573466476462,0.857142857142857
"hypothyroid",9,"train","notcovered","OPTSTEL",0.740384615384615,0.740384615384615,0.5,0.850828729281768,0,0,1,0.046973803071364,0.836538461538462,0.833333333333333,0.857142857142857
"hypothyroid",9,"train","all","OPTSTEL",0.983739837398374,0.9614866447985,0.852587626651391,0.898982524980609,0.798137998804591,0.798137998804591,5,1,0.990514905149051,0.991792065663475,0.857142857142857
"hypothyroid",9,"test","covered","OPTSTEL",0.992290748898678,0.94422378750737,0.956039755351682,0.950046762392034,0.90009430996542,0.90009430996542,4,0.956796628029505,1,1,1
"hypothyroid",9,"test","notcovered","OPTSTEL",0.780487804878049,0.780487804878049,0.5,0.876712328767123,0,0,1,0.0432033719704953,0.902439024390244,0.911764705882353,0.857142857142857
"hypothyroid",9,"test","all","OPTSTEL",0.983140147523709,0.939366998577525,0.864454277286136,0.898033738046632,0.79615508538288,0.79615508538288,5,1,0.995785036880927,0.996791443850267,0.928571428571429
"hypothyroid",9,"train","covered","CART",0.984191508581753,0.939167050566014,0.879703555189574,0.907031374661521,0.814112928375066,0.814112928375066,6,1,0.99096657633243,0.992248062015504,0.857142857142857
"hypothyroid",9,"train","notcovered","CART",NA,NA,NA,NA,NA,NA,0,0,NA,NA,NA
"hypothyroid",9,"train","all","CART",0.984191508581753,0.939167050566014,0.879703555189574,0.907031374661521,0.814112928375066,0.814112928375066,6,1,0.99096657633243,0.992248062015504,0.857142857142857
"hypothyroid",9,"test","covered","CART",0.982086406743941,0.918949394939494,0.874459193706981,0.895311638168781,0.790657237397003,0.790657237397003,6,1,0.996838777660696,0.996791443850267,1
"hypothyroid",9,"test","notcovered","CART",NA,NA,NA,NA,NA,NA,0,0,NA,NA,NA
"hypothyroid",9,"test","all","CART",0.982086406743941,0.918949394939494,0.874459193706981,0.895311638168781,0.790657237397003,0.790657237397003,6,1,0.996838777660696,0.996791443850267,1
"hypothyroid",9,"train","covered","IntreesRRFVote",0.987732848705134,0.96132054392237,0.897607846373941,0.926844400784403,0.853729315424546,0.853729315424546,9,0.994128274616079,0.994547932757837,0.995417048579285,0.894736842105263
"hypothyroid",9,"train","notcovered","IntreesRRFVote",0.846153846153846,0.846153846153846,0.5,0.916666666666667,0,0,1,0.00587172538392056,1,1,1
"hypothyroid",9,"train","all","IntreesRRFVote",0.986901535682023,0.960880370125578,0.890086284057141,0.922215559068855,0.84448556660579,0.84448556660579,10,1,0.994579945799458,0.995440036479708,0.904761904761905
"hypothyroid",9,"test","covered","IntreesRRFVote",0.987234042553191,0.935131175560921,0.915817583158331,0.925230671333121,0.850465307421057,0.850465307421057,9,0.990516332982086,0.997872340425532,0.998922413793103,0.916666666666667
"hypothyroid",9,"test","notcovered","IntreesRRFVote",0.777777777777778,0.777777777777778,0.5,0.875,0,0,1,0.00948366701791359,1,1,1
"hypothyroid",9,"test","all","IntreesRRFVote",0.985247629083245,0.934068443107338,0.897234513274336,0.914741516504954,0.829500538986704,0.829500538986704,10,1,0.997892518440464,0.998930481283422,0.928571428571429
"hypothyroid",9,"train","covered","IntreesVote",0.989430147058823,0.981491243860416,0.886616697381258,0.928389815351376,0.856853570080199,0.856853570080199,3,0.982836495031617,0.996783088235294,0.996759259259259,1
"hypothyroid",9,"train","notcovered","IntreesVote",0.657894736842105,0.657894736842105,0.5,0.793650793650794,0,0,1,0.017163504968383,0.684210526315789,0.696969696969697,0.6
"hypothyroid",9,"train","all","IntreesVote",0.983739837398374,0.978542561252842,0.839148258207726,0.895762711864407,0.79180423789025,0.79180423789025,4,1,0.991418247515809,0.992248062015504,0.904761904761905
"hypothyroid",9,"test","covered","IntreesVote",0.991397849462366,0.945126268586264,0.945126268586264,0.945126268586264,0.890252537172529,0.890252537172529,3,0.979978925184405,0.998924731182796,1,0.888888888888889
"hypothyroid",9,"test","notcovered","IntreesVote",0.631578947368421,0.631578947368421,0.5,0.774193548387097,0,0,1,0.0200210748155953,0.894736842105263,0.857142857142857,1
"hypothyroid",9,"test","all","IntreesVote",0.984193888303477,0.941331099428043,0.875565388397247,0.905506322811909,0.81107409717706,0.81107409717706,4,1,0.996838777660696,0.997860962566845,0.928571428571429
"hypothyroid",9,"train","covered","IntreesSTEL",0.989430147058823,0.981491243860416,0.886616697381258,0.928389815351376,0.856853570080199,0.856853570080199,3,0.982836495031617,0.996783088235294,0.996759259259259,1
"hypothyroid",9,"train","notcovered","IntreesSTEL",0.657894736842105,0.657894736842105,0.5,0.793650793650794,0,0,1,0.017163504968383,0.684210526315789,0.696969696969697,0.6
"hypothyroid",9,"train","all","IntreesSTEL",0.983739837398374,0.978542561252842,0.839148258207726,0.895762711864407,0.79180423789025,0.79180423789025,4,1,0.991418247515809,0.992248062015504,0.904761904761905
"hypothyroid",9,"test","covered","IntreesSTEL",0.991397849462366,0.945126268586264,0.945126268586264,0.945126268586264,0.890252537172529,0.890252537172529,3,0.979978925184405,0.998924731182796,1,0.888888888888889
"hypothyroid",9,"test","notcovered","IntreesSTEL",0.631578947368421,0.631578947368421,0.5,0.774193548387097,0,0,1,0.0200210748155953,0.894736842105263,0.857142857142857,1
"hypothyroid",9,"test","all","IntreesSTEL",0.984193888303477,0.941331099428043,0.875565388397247,0.905506322811909,0.81107409717706,0.81107409717706,4,1,0.996838777660696,0.997860962566845,0.928571428571429
"hypothyroid",10,"train","covered","RF",0.988256549232159,0.954084041548631,0.91319680641581,0.932567369373,0.865150535518511,0.865150535518511,4530,1,1,1,1
"hypothyroid",10,"train","notcovered","RF",NA,NA,NA,NA,NA,NA,0,0,NA,NA,NA
"hypothyroid",10,"train","all","RF",0.988256549232159,0.954084041548631,0.91319680641581,0.932567369373,0.865150535518511,0.865150535518511,4530,1,1,1,1
"hypothyroid",10,"test","covered","RF",0.986301369863014,0.945049504950495,0.897787610619469,0.919944193893774,0.839914358009472,0.839914358009472,4530,1,1,1,1
"hypothyroid",10,"test","notcovered","RF",NA,NA,NA,NA,NA,NA,0,0,NA,NA,NA
"hypothyroid",10,"test","all","RF",0.986301369863014,0.945049504950495,0.897787610619469,0.919944193893774,0.839914358009472,0.839914358009472,4530,1,1,1,1
"hypothyroid",10,"train","covered","PreSelectedRules",0.983288166214995,0.892094021379435,0.937466435143747,0.913376159885796,0.826783275043242,0.826783275043242,373,1,0.989611562782294,0.992230347349177,0.769230769230769
"hypothyroid",10,"train","notcovered","PreSelectedRules",NA,NA,NA,NA,NA,NA,1,0,NA,NA,NA
"hypothyroid",10,"train","all","PreSelectedRules",0.983288166214995,0.892094021379435,0.937466435143747,0.913376159885796,0.826783275043242,0.826783275043242,374,1,0.989611562782294,0.992230347349177,0.769230769230769
"hypothyroid",10,"test","covered","PreSelectedRules",0.977871443624868,0.861482720178372,0.914478859390364,0.885922482927583,0.771908942121708,0.771908942121708,373,1,0.987355110642782,0.989316239316239,0.846153846153846
"hypothyroid",10,"test","notcovered","PreSelectedRules",NA,NA,NA,NA,NA,NA,1,0,NA,NA,NA
"hypothyroid",10,"test","all","PreSelectedRules",0.977871443624868,0.861482720178372,0.914478859390364,0.885922482927583,0.771908942121708,0.771908942121708,374,1,0.987355110642782,0.989316239316239,0.846153846153846
"hypothyroid",10,"train","covered","OptimalRules",0.987985212569316,0.900132264151988,0.938961236074431,0.918563248669836,0.837141583545117,0.837141583545117,8,0.977416440831075,0.992606284658041,0.994408201304753,0.777777777777778
"hypothyroid",10,"train","notcovered","OptimalRules",0.54,0.54,0.5,0.701298701298701,0,0,1,0.0225835591689251,0.5,0.523809523809524,0.375
"hypothyroid",10,"train","all","OptimalRules",0.977868112014453,0.851848012117421,0.948059503777165,0.893322713394398,0.786846851803096,0.786846851803096,9,1,0.981481481481482,0.985374771480804,0.653846153846154
"hypothyroid",10,"test","covered","OptimalRules",0.97950377562028,0.830508474576271,0.916412446613789,0.867993254637437,0.736146690036403,0.736146690036403,8,0.9768177028451,0.989212513484358,0.989106753812636,1
"hypothyroid",10,"test","notcovered","OptimalRules",0.545454545454545,0.545454545454545,0.5,0.705882352941176,0,0,1,0.0231822971548999,0.363636363636364,0.444444444444444,0
"hypothyroid",10,"test","all","OptimalRules",0.969441517386723,0.809675141242938,0.931170108161259,0.858867390423639,0.718256365106827,0.718256365106827,9,1,0.974710221285564,0.978632478632479,0.692307692307692
"hypothyroid",10,"train","covered","OPTSTEL",0.988447319778189,0.90831043956044,0.933111738457335,0.920311682955391,0.840629234666824,0.840629234666824,8,0.977416440831075,0.993992606284658,0.995340167753961,0.833333333333333
"hypothyroid",10,"train","notcovered","OPTSTEL",0.54,0.54,0.5,0.701298701298701,0,0,1,0.0225835591689251,0.5,0.523809523809524,0.375
"hypothyroid",10,"train","all","OPTSTEL",0.978319783197832,0.855805109070034,0.943816905946797,0.894269340974212,0.78870349456807,0.78870349456807,9,1,0.982836495031617,0.986288848263254,0.692307692307692
"hypothyroid",10,"test","covered","OPTSTEL",0.980582524271845,0.838641744205253,0.91697173073012,0.873322198603097,0.746767437625205,0.746767437625205,8,0.9768177028451,0.990291262135922,0.990196078431373,1
"hypothyroid",10,"test","notcovered","OPTSTEL",0.545454545454545,0.545454545454545,0.5,0.705882352941176,0,0,1,0.0231822971548999,0.363636363636364,0.444444444444444,0
"hypothyroid",10,"test","all","OPTSTEL",0.970495258166491,0.814638647031424,0.931723205506391,0.862549141320091,0.725558240895664,0.725558240895664,9,1,0.975763962065332,0.979700854700855,0.692307692307692
"hypothyroid",10,"train","covered","CART",0.984643179765131,0.939997131500225,0.88442053632165,0.910122501611863,0.820287059407737,0.820287059407737,7,1,0.992773261065944,0.994515539305302,0.846153846153846
"hypothyroid",10,"train","notcovered","CART",NA,NA,NA,NA,NA,NA,0,0,NA,NA,NA
"hypothyroid",10,"train","all","CART",0.984643179765131,0.939997131500225,0.88442053632165,0.910122501611863,0.820287059407737,0.820287059407737,7,1,0.992773261065944,0.994515539305302,0.846153846153846
"hypothyroid",10,"test","covered","CART",0.982086406743941,0.897744234195195,0.906133235004916,0.901889477429046,0.803780148140941,0.803780148140941,7,1,0.987355110642782,0.991452991452991,0.692307692307692
"hypothyroid",10,"test","notcovered","CART",NA,NA,NA,NA,NA,NA,0,0,NA,NA,NA
"hypothyroid",10,"test","all","CART",0.982086406743941,0.897744234195195,0.906133235004916,0.901889477429046,0.803780148140941,0.803780148140941,7,1,0.987355110642782,0.991452991452991,0.692307692307692
"hypothyroid",10,"train","covered","IntreesRRFVote",0.982384823848238,0.899394190328837,0.91011331495471,0.904673794843204,0.809349483994329,0.809349483994329,12,1,0.989611562782294,0.991773308957952,0.807692307692308
"hypothyroid",10,"train","notcovered","IntreesRRFVote",NA,NA,NA,NA,NA,NA,1,0,NA,NA,NA
"hypothyroid",10,"train","all","IntreesRRFVote",0.982384823848238,0.899394190328837,0.91011331495471,0.904673794843204,0.809349483994329,0.809349483994329,13,1,0.989611562782294,0.991773308957952,0.807692307692308
"hypothyroid",10,"test","covered","IntreesRRFVote",0.981032665964173,0.895022123893805,0.895022123893805,0.895022123893805,0.790044247787611,0.790044247787611,12,1,0.994731296101159,0.99465811965812,1
"hypothyroid",10,"test","notcovered","IntreesRRFVote",NA,NA,NA,NA,NA,NA,1,0,NA,NA,NA
"hypothyroid",10,"test","all","IntreesRRFVote",0.981032665964173,0.895022123893805,0.895022123893805,0.895022123893805,0.790044247787611,0.790044247787611,13,1,0.994731296101159,0.99465811965812,1
"hypothyroid",10,"train","covered","IntreesVote",0.989912883998166,0.96974840748605,0.900141963299858,0.931901015055522,0.863839906468329,0.863839906468329,5,0.985094850948509,0.997707473635947,0.998149861239593,0.947368421052632
"hypothyroid",10,"train","notcovered","IntreesVote",0.545454545454545,0.545454545454545,0.5,0.705882352941176,0,0,1,0.0149051490514905,0.575757575757576,0.576923076923077,0.571428571428571
"hypothyroid",10,"train","all","IntreesVote",0.983288166214995,0.966304869674079,0.843390856038094,0.894549035509471,0.789326146107119,0.789326146107119,6,1,0.991418247515809,0.993144424131627,0.846153846153846
"hypothyroid",10,"test","covered","IntreesVote",0.988272921108742,0.979323622970032,0.880394345238095,0.923612807699426,0.847317174228299,0.847317174228299,5,0.98840885142255,0.998933901918977,0.998922413793103,1
"hypothyroid",10,"test","notcovered","IntreesVote",0.727272727272727,0.727272727272727,0.5,0.842105263157895,0,0,1,0.0115911485774499,0.454545454545455,0.625,0
"hypothyroid",10,"test","all","IntreesVote",0.985247629083245,0.977752414979489,0.855002458210423,0.906410256410256,0.813010189720204,0.813010189720204,6,1,0.992623814541623,0.995726495726496,0.769230769230769
"hypothyroid",10,"train","covered","IntreesSTEL",0.988078862906923,0.967384523407242,0.878163941321836,0.91763499459673,0.835347475885459,0.835347475885459,5,0.985094850948509,0.995873452544704,0.996299722479186,0.947368421052632
"hypothyroid",10,"train","notcovered","IntreesSTEL",0.545454545454545,0.545454545454545,0.5,0.705882352941176,0,0,1,0.0149051490514905,0.575757575757576,0.576923076923077,0.571428571428571
"hypothyroid",10,"train","all","IntreesSTEL",0.981481481481482,0.963961917680254,0.824522931509792,0.880650195708224,0.761641677388861,0.761641677388861,6,1,0.989611562782294,0.991316270566728,0.846153846153846
"hypothyroid",10,"test","covered","IntreesSTEL",0.988272921108742,0.979323622970032,0.880394345238095,0.923612807699426,0.847317174228299,0.847317174228299,5,0.98840885142255,0.998933901918977,0.998922413793103,1
"hypothyroid",10,"test","notcovered","IntreesSTEL",0.727272727272727,0.727272727272727,0.5,0.842105263157895,0,0,1,0.0115911485774499,0.454545454545455,0.625,0
"hypothyroid",10,"test","all","IntreesSTEL",0.985247629083245,0.977752414979489,0.855002458210423,0.906410256410256,0.813010189720204,0.813010189720204,6,1,0.992623814541623,0.995726495726496,0.769230769230769
