"data","iter","pred_set","pred_sub_set","method","fidelity","fidelity_macroPrecision","fidelity_macroRecall","fidelity_macroF1","fidelity_correct","fidelity_macroPrecision_correct","fidelity_macroRecall_correct","fidelity_macroF1_correct","fidelity_incorrect","fidelity_macroPrecision_incorrect","fidelity_macroRecall_incorrect","fidelity_macroF1_incorrect"
"wilt",1,"train","all","PreSelectedRules",0.983175914994097,0.929473840665874,0.639547238152732,0.70785282811642,0.99009900990099,0.951847385749319,0.705567986389777,0.781279871420717,0.83974358974359,0.42258064516129,0.496212121212121,0.912891986062718
"wilt",1,"train","covered","PreSelectedRules",0.983175914994097,0.929473840665874,0.639547238152732,0.70785282811642,0.99009900990099,0.951847385749319,0.705567986389777,0.781279871420717,0.83974358974359,0.42258064516129,0.496212121212121,0.912891986062718
"wilt",1,"train","notcovered","PreSelectedRules",NA,NA,NA,NA,NA,NA,NA,NA,NA,NA,NA,NA
"wilt",1,"test","all","PreSelectedRules",0.989662301860786,0.994802494802495,0.673913043478261,0.755452185930495,0.992784992784993,0.996371552975327,0.722222222222222,0.805871477393691,0.923076923076923,0.923076923076923,0.5,0.96
"wilt",1,"test","covered","PreSelectedRules",0.989662301860786,0.994802494802495,0.673913043478261,0.755452185930495,0.992784992784993,0.996371552975327,0.722222222222222,0.805871477393691,0.923076923076923,0.923076923076923,0.5,0.96
"wilt",1,"test","notcovered","PreSelectedRules",NA,NA,NA,NA,NA,NA,NA,NA,NA,NA,NA,NA
"wilt",1,"train","all","OptimalRules",0.977863046044864,0.977863046044864,0.5,0.988807640650649,0.984220297029703,0.984220297029703,0.5,0.992047403711212,0.846153846153846,0.846153846153846,0.5,0.916666666666667
"wilt",1,"train","covered","OptimalRules",0.979418886198547,0.979418886198547,0.5,0.98960244648318,0.986080354318254,0.986080354318254,0.5,0.992991398534565,0.832167832167832,0.832167832167832,0.5,0.908396946564886
"wilt",1,"train","notcovered","OptimalRules",0.916666666666667,0.916666666666667,0.5,0.956521739130435,0.901408450704225,0.901408450704225,0.5,0.948148148148148,1,1,1,1
"wilt",1,"test","all","OptimalRules",0.984148862853205,0.984148862853205,0.5,0.992011114970476,0.987012987012987,0.987012987012987,0.5,0.993464052287582,0.923076923076923,0.923076923076923,0.5,0.96
"wilt",1,"test","covered","OptimalRules",0.985190409026798,0.985190409026798,0.5,0.992539964476021,0.988217967599411,0.988217967599411,0.5,0.994074074074074,0.916666666666667,0.916666666666667,0.5,0.956521739130435
"wilt",1,"test","notcovered","OptimalRules",0.939393939393939,0.939393939393939,0.5,0.96875,0.928571428571429,0.928571428571429,0.5,0.962962962962963,1,1,1,1
"wilt",1,"train","all","OPTSTEL",0.977863046044864,0.977863046044864,0.5,0.988807640650649,0.984220297029703,0.984220297029703,0.5,0.992047403711212,0.846153846153846,0.846153846153846,0.5,0.916666666666667
"wilt",1,"train","covered","OPTSTEL",1,1,1,1,1,1,1,1,1,1,1,1
"wilt",1,"train","notcovered","OPTSTEL",0.812967581047382,0.812967581047382,0.5,0.896836313617607,0.83,0.83,0.5,0.907103825136612,0.762376237623762,0.762376237623762,0.5,0.865168539325843
"wilt",1,"test","all","OPTSTEL",0.984148862853205,0.984148862853205,0.5,0.992011114970476,0.987012987012987,0.987012987012987,0.5,0.993464052287582,0.923076923076923,0.923076923076923,0.5,0.96
"wilt",1,"test","covered","OPTSTEL",1,1,1,1,1,1,1,1,1,1,1,1
"wilt",1,"test","notcovered","OPTSTEL",0.851612903225806,0.851612903225806,0.5,0.9198606271777,0.846153846153846,0.846153846153846,0.5,0.916666666666667,0.868421052631579,0.868421052631579,0.5,0.929577464788732
"wilt",1,"train","all","IntreesRRFVote",0.979043683589138,0.989509456264775,0.526666666666667,0.545332030400916,0.985457920792079,0.992719950433705,0.53921568627451,0.569060554050412,0.846153846153846,0.846153846153846,0.5,0.916666666666667
"wilt",1,"train","covered","IntreesRRFVote",0.97764483627204,0.988808322824716,0.526666666666667,0.544973737153604,0.984524201514653,0.992251895812727,0.53921568627451,0.568822969686901,0.827338129496403,0.827338129496403,0.5,0.905511811023622
"wilt",1,"train","notcovered","IntreesRRFVote",1,1,1,1,1,1,1,1,1,1,1,1
"wilt",1,"test","all","IntreesRRFVote",0.9855272226051,0.992753623188406,0.543478260869565,0.576350364963504,0.988455988455988,0.994219653179191,0.555555555555556,0.597093023255814,0.923076923076923,0.923076923076923,0.5,0.96
"wilt",1,"test","covered","IntreesRRFVote",0.984467455621302,0.992222222222222,0.543478260869565,0.576080627099664,0.987673343605547,0.993827160493827,0.555555555555556,0.596894409937888,0.907407407407407,0.907407407407407,0.5,0.951456310679612
"wilt",1,"test","notcovered","IntreesRRFVote",1,1,1,1,1,1,1,1,1,1,1,1
"wilt",1,"train","all","IntreesVote",0.977863046044864,0.977863046044864,0.5,0.988807640650649,0.984220297029703,0.984220297029703,0.5,0.992047403711212,0.846153846153846,0.846153846153846,0.5,0.916666666666667
"wilt",1,"train","covered","IntreesVote",0.977878985035784,0.977878985035784,0.5,0.988815789473684,0.985089800067774,0.985089800067774,0.5,0.99248890406282,0.804878048780488,0.804878048780488,0.5,0.891891891891892
"wilt",1,"train","notcovered","IntreesVote",0.977707006369427,0.977707006369427,0.5,0.988727858293076,0.97508896797153,0.97508896797153,0.5,0.987387387387387,1,1,1,1
"wilt",1,"test","all","IntreesVote",0.984148862853205,0.984148862853205,0.5,0.992011114970476,0.987012987012987,0.987012987012987,0.5,0.993464052287582,0.923076923076923,0.923076923076923,0.5,0.96
"wilt",1,"test","covered","IntreesVote",0.984018264840183,0.984018264840183,0.5,0.991944764096663,0.987331749802059,0.987331749802059,0.5,0.993625498007968,0.901960784313726,0.901960784313726,0.5,0.948453608247423
"wilt",1,"test","notcovered","IntreesVote",0.985401459854015,0.985401459854015,0.5,0.992647058823529,0.983739837398374,0.983739837398374,0.5,0.991803278688525,1,1,1,1
"wilt",1,"train","all","IntreesSTEL",0.977863046044864,0.977863046044864,0.5,0.988807640650649,0.984220297029703,0.984220297029703,0.5,0.992047403711212,0.846153846153846,0.846153846153846,0.5,0.916666666666667
"wilt",1,"train","covered","IntreesSTEL",0.977878985035784,0.977878985035784,0.5,0.988815789473684,0.985089800067774,0.985089800067774,0.5,0.99248890406282,0.804878048780488,0.804878048780488,0.5,0.891891891891892
"wilt",1,"train","notcovered","IntreesSTEL",0.977707006369427,0.977707006369427,0.5,0.988727858293076,0.97508896797153,0.97508896797153,0.5,0.987387387387387,1,1,1,1
"wilt",1,"test","all","IntreesSTEL",0.984148862853205,0.984148862853205,0.5,0.992011114970476,0.987012987012987,0.987012987012987,0.5,0.993464052287582,0.923076923076923,0.923076923076923,0.5,0.96
"wilt",1,"test","covered","IntreesSTEL",0.984018264840183,0.984018264840183,0.5,0.991944764096663,0.987331749802059,0.987331749802059,0.5,0.993625498007968,0.901960784313726,0.901960784313726,0.5,0.948453608247423
"wilt",1,"test","notcovered","IntreesSTEL",0.985401459854015,0.985401459854015,0.5,0.992647058823529,0.983739837398374,0.983739837398374,0.5,0.991803278688525,1,1,1,1
"wilt",2,"train","all","PreSelectedRules",0.977567886658796,0.966131907308378,0.609223116646415,0.672258682049376,0.985516178736518,0.992710918114144,0.654411764705882,0.732283754820613,0.797202797202797,0.401408450704225,0.495652173913044,0.88715953307393
"wilt",2,"train","covered","PreSelectedRules",0.977554636739516,0.963859180035651,0.60091194643365,0.660959247021127,0.985507246376812,0.992710918114144,0.643939393939394,0.719858110405543,0.797202797202797,0.401408450704225,0.495652173913044,0.88715953307393
"wilt",2,"train","notcovered","PreSelectedRules",1,1,1,1,1,1,1,1,NA,NA,NA,NA
"wilt",2,"test","all","PreSelectedRules",0.974500344589938,0.987170596393897,0.597826086956522,0.65713829549446,0.987672226250906,0.993795620437956,0.673076923076923,0.754021300036724,0.722222222222222,0.722222222222222,0.5,0.838709677419355
"wilt",2,"test","covered","PreSelectedRules",0.974500344589938,0.987170596393897,0.597826086956522,0.65713829549446,0.987672226250906,0.993795620437956,0.673076923076923,0.754021300036724,0.722222222222222,0.722222222222222,0.5,0.838709677419355
"wilt",2,"test","notcovered","PreSelectedRules",NA,NA,NA,NA,NA,NA,NA,NA,NA,NA,NA,NA
"wilt",2,"train","all","OptimalRules",0.971664698937426,0.971664698937426,0.5,0.98562874251497,0.97904468412943,0.97904468412943,0.5,0.989411398318281,0.804195804195804,0.804195804195804,0.5,0.891472868217054
"wilt",2,"train","covered","OptimalRules",0.975631768953069,0.975631768953069,0.5,0.987665600730927,0.98306148055207,0.98306148055207,0.5,0.991458399240747,0.801470588235294,0.801470588235294,0.5,0.889795918367347
"wilt",2,"train","notcovered","OptimalRules",0.765625,0.765625,0.5,0.867256637168142,0.754385964912281,0.754385964912281,0.5,0.86,0.857142857142857,0.857142857142857,0.5,0.923076923076923
"wilt",2,"test","all","OptimalRules",0.968297725706409,0.968297725706409,0.5,0.983893557422969,0.981145757795504,0.981145757795504,0.5,0.990483162518302,0.722222222222222,0.722222222222222,0.5,0.838709677419355
"wilt",2,"test","covered","OptimalRules",0.970567624386826,0.970567624386826,0.5,0.985064011379801,0.983787767133382,0.983787767133382,0.5,0.991827637444279,0.714285714285714,0.714285714285714,0.5,0.833333333333333
"wilt",2,"test","notcovered","OptimalRules",0.833333333333333,0.833333333333333,0.5,0.909090909090909,0.818181818181818,0.818181818181818,0.5,0.9,1,1,1,1
"wilt",2,"train","all","OPTSTEL",0.971664698937426,0.971664698937426,0.5,0.98562874251497,0.97904468412943,0.97904468412943,0.5,0.989411398318281,0.804195804195804,0.804195804195804,0.5,0.891472868217054
"wilt",2,"train","covered","OPTSTEL",1,1,1,1,1,1,1,1,1,1,1,1
"wilt",2,"train","notcovered","OPTSTEL",0.763546798029557,0.763546798029557,0.5,0.865921787709497,0.786163522012579,0.786163522012579,0.5,0.880281690140845,0.681818181818182,0.681818181818182,0.5,0.810810810810811
"wilt",2,"test","all","OPTSTEL",0.968297725706409,0.968297725706409,0.5,0.983893557422969,0.981145757795504,0.981145757795504,0.5,0.990483162518302,0.722222222222222,0.722222222222222,0.5,0.838709677419355
"wilt",2,"test","covered","OPTSTEL",1,1,1,1,1,1,1,1,1,1,1,1
"wilt",2,"test","notcovered","OPTSTEL",0.762886597938144,0.762886597938144,0.5,0.865497076023392,0.82312925170068,0.82312925170068,0.5,0.902985074626866,0.574468085106383,0.574468085106383,0.5,0.72972972972973
"wilt",2,"train","all","IntreesRRFVote",0.961629279811098,0.6949016563147,0.833618114621304,0.743806306306306,0.975654853620955,0.715341411917189,0.786091207021052,0.745333186307965,0.643356643356643,0.667748917748918,0.764751552795031,0.616258879242305
"wilt",2,"train","covered","IntreesRRFVote",0.957677165354331,0.694543650793651,0.83553032598428,0.743695076981042,0.97318666208319,0.714989588126565,0.78953490814751,0.746274097598068,0.633093525179856,0.667260159195643,0.756917631917632,0.609744013212221
"wilt",2,"train","notcovered","IntreesRRFVote",0.997058823529412,0.997058823529412,0.5,0.998527245949926,0.99702380952381,0.99702380952381,0.5,0.998509687034277,1,1,1,1
"wilt",2,"test","all","IntreesRRFVote",0.955892487939352,0.696326230712711,0.872087265975553,0.753136829569138,0.970268310369833,0.666459012203693,0.796236284041162,0.711543072880794,0.680555555555556,0.732558139534884,0.778846153846154,0.675485008818342
"wilt",2,"test","covered","IntreesRRFVote",0.95118230358505,0.695904995904996,0.8699604743083,0.751833798684397,0.966908797417272,0.666018135084964,0.794914071913247,0.710654173667872,0.680555555555556,0.732558139534884,0.778846153846154,0.675485008818342
"wilt",2,"test","notcovered","IntreesRRFVote",1,1,1,1,1,1,1,1,NA,NA,NA,NA
"wilt",2,"train","all","IntreesVote",0.971664698937426,0.971664698937426,0.5,0.98562874251497,0.97904468412943,0.97904468412943,0.5,0.989411398318281,0.804195804195804,0.804195804195804,0.5,0.891472868217054
"wilt",2,"train","covered","IntreesVote",0.99055967633176,0.99055967633176,0.5,0.995257452574526,0.990562740300594,0.990562740300594,0.5,0.995258999122037,0.990476190476191,0.990476190476191,0.5,0.995215311004785
"wilt",2,"train","notcovered","IntreesVote",0.838862559241706,0.838862559241706,0.5,0.912371134020619,0.893229166666667,0.893229166666667,0.5,0.943603851444292,0.289473684210526,0.289473684210526,0.5,0.448979591836735
"wilt",2,"test","all","IntreesVote",0.968297725706409,0.968297725706409,0.5,0.983893557422969,0.981145757795504,0.981145757795504,0.5,0.990483162518302,0.722222222222222,0.722222222222222,0.5,0.838709677419355
"wilt",2,"test","covered","IntreesVote",0.992094861660079,0.992094861660079,0.5,0.996031746031746,0.991769547325103,0.991769547325103,0.5,0.995867768595041,1,1,1,1
"wilt",2,"test","notcovered","IntreesVote",0.806451612903226,0.806451612903226,0.5,0.892857142857143,0.902439024390244,0.902439024390244,0.5,0.948717948717949,0.0909090909090909,0.0909090909090909,0.5,0.166666666666667
"wilt",2,"train","all","IntreesSTEL",0.971664698937426,0.971664698937426,0.5,0.98562874251497,0.97904468412943,0.97904468412943,0.5,0.989411398318281,0.804195804195804,0.804195804195804,0.5,0.891472868217054
"wilt",2,"train","covered","IntreesSTEL",0.99055967633176,0.99055967633176,0.5,0.995257452574526,0.990562740300594,0.990562740300594,0.5,0.995258999122037,0.990476190476191,0.990476190476191,0.5,0.995215311004785
"wilt",2,"train","notcovered","IntreesSTEL",0.838862559241706,0.838862559241706,0.5,0.912371134020619,0.893229166666667,0.893229166666667,0.5,0.943603851444292,0.289473684210526,0.289473684210526,0.5,0.448979591836735
"wilt",2,"test","all","IntreesSTEL",0.968297725706409,0.968297725706409,0.5,0.983893557422969,0.981145757795504,0.981145757795504,0.5,0.990483162518302,0.722222222222222,0.722222222222222,0.5,0.838709677419355
"wilt",2,"test","covered","IntreesSTEL",0.992094861660079,0.992094861660079,0.5,0.996031746031746,0.991769547325103,0.991769547325103,0.5,0.995867768595041,1,1,1,1
"wilt",2,"test","notcovered","IntreesSTEL",0.806451612903226,0.806451612903226,0.5,0.892857142857143,0.902439024390244,0.902439024390244,0.5,0.948717948717949,0.0909090909090909,0.0909090909090909,0.5,0.166666666666667
"wilt",3,"train","all","PreSelectedRules",0.966942148760331,0.96078431372549,0.579391891891892,0.627906976744186,0.979378270236996,0.989622057001239,0.619318181818182,0.687417163387186,0.676258992805755,0.340579710144928,0.494736842105263,0.8068669527897
"wilt",3,"train","covered","PreSelectedRules",0.966912850812408,0.957195796979079,0.569613879206902,0.613164962002171,0.97935921133703,0.989622057001239,0.605882352941176,0.669513894481869,0.676258992805755,0.340579710144928,0.494736842105263,0.8068669527897
"wilt",3,"train","notcovered","PreSelectedRules",1,1,1,1,1,1,1,1,NA,NA,NA,NA
"wilt",3,"test","all","PreSelectedRules",0.967608545830462,0.983691880638446,0.587719298245614,0.640964489720709,0.986171761280932,0.993035190615836,0.672413793103448,0.752903427322032,0.636363636363636,0.636363636363636,0.5,0.777777777777778
"wilt",3,"test","covered","PreSelectedRules",0.967608545830462,0.983691880638446,0.587719298245614,0.640964489720709,0.986171761280932,0.993035190615836,0.672413793103448,0.752903427322032,0.636363636363636,0.636363636363636,0.5,0.777777777777778
"wilt",3,"test","notcovered","PreSelectedRules",NA,NA,NA,NA,NA,NA,NA,NA,NA,NA,NA,NA
"wilt",3,"train","all","OptimalRules",0.961038961038961,0.961038961038961,0.5,0.980132450331126,0.972914742997846,0.972914742997846,0.5,0.986271450858034,0.683453237410072,0.683453237410072,0.5,0.811965811965812
"wilt",3,"train","covered","OptimalRules",0.963877182420229,0.963877182420229,0.5,0.981606376456162,0.976160602258469,0.976160602258469,0.5,0.987936507936508,0.671641791044776,0.671641791044776,0.5,0.803571428571429
"wilt",3,"train","notcovered","OptimalRules",0.818181818181818,0.818181818181818,0.5,0.9,0.80327868852459,0.80327868852459,0.5,0.890909090909091,1,1,1,1
"wilt",3,"test","all","OptimalRules",0.960716747070986,0.960716747070986,0.5,0.979964850615114,0.978893740902474,0.978893740902474,0.5,0.989334314086061,0.636363636363636,0.636363636363636,0.5,0.777777777777778
"wilt",3,"test","covered","OptimalRules",0.961322081575246,0.961322081575246,0.5,0.980279670132664,0.979955456570156,0.979955456570156,0.5,0.989876265466817,0.626666666666667,0.626666666666667,0.5,0.770491803278689
"wilt",3,"test","notcovered","OptimalRules",0.931034482758621,0.931034482758621,0.5,0.964285714285714,0.925925925925926,0.925925925925926,0.5,0.961538461538461,1,1,1,1
"wilt",3,"train","all","OPTSTEL",0.961038961038961,0.961038961038961,0.5,0.980132450331126,0.972914742997846,0.972914742997846,0.5,0.986271450858034,0.683453237410072,0.683453237410072,0.5,0.811965811965812
"wilt",3,"train","covered","OPTSTEL",0.998997661209489,0.998997661209489,0.5,0.999498579308039,0.998980285520054,0.998980285520054,0.5,0.999489882673015,1,1,1,1
"wilt",3,"train","notcovered","OPTSTEL",0.673417721518987,0.673417721518987,0.5,0.804841149773071,0.723127035830619,0.723127035830619,0.5,0.839319470699433,0.5,0.5,0.5,0.666666666666667
"wilt",3,"test","all","OPTSTEL",0.960716747070986,0.960716747070986,0.5,0.979964850615114,0.978893740902474,0.978893740902474,0.5,0.989334314086061,0.636363636363636,0.636363636363636,0.5,0.777777777777778
"wilt",3,"test","covered","OPTSTEL",0.99922420480993,0.99922420480993,0.5,0.999611951882033,0.999203821656051,0.999203821656051,0.5,0.999601752289924,1,1,1,1
"wilt",3,"test","notcovered","OPTSTEL",0.654320987654321,0.654320987654321,0.5,0.791044776119403,0.76271186440678,0.76271186440678,0.5,0.865384615384615,0.363636363636364,0.363636363636364,0.5,0.533333333333333
"wilt",3,"train","all","IntreesRRFVote",0.969893742621015,0.808724832214765,0.759009009009009,0.781450872359963,0.978454909202832,0.815050052127089,0.723792815852291,0.761153119092628,0.76978417266187,0.735576923076923,0.746172248803828,0.740065451145395
"wilt",3,"train","covered","IntreesRRFVote",0.939537640782454,0.798524240502681,0.75228977881711,0.772972673442893,0.955300127713921,0.80662319835278,0.719830237421577,0.754929577464789,0.735537190082645,0.716609589041096,0.724025974025974,0.719420289855072
"wilt",3,"train","notcovered","IntreesRRFVote",1,1,1,1,1,1,1,1,1,1,1,1
"wilt",3,"test","all","IntreesRRFVote",0.963473466574776,0.766003154966997,0.661286465805835,0.699363958702273,0.977438136826783,0.705829831932773,0.600474298166902,0.633804754330912,0.714285714285714,0.693421052631579,0.660714285714286,0.667059748427673
"wilt",3,"test","covered","IntreesRRFVote",0.922514619883041,0.750180995475113,0.654704944178628,0.688039446849157,0.949593495934959,0.695150938911338,0.596622337295516,0.626476753982093,0.681159420289855,0.671938775510204,0.646777003484321,0.648611111111111
"wilt",3,"test","notcovered","IntreesRRFVote",1,1,1,1,1,1,1,1,1,1,1,1
"wilt",3,"train","all","IntreesVote",0.961038961038961,0.961038961038961,0.5,0.980132450331126,0.972914742997846,0.972914742997846,0.5,0.986271450858034,0.683453237410072,0.683453237410072,0.5,0.811965811965812
"wilt",3,"train","covered","IntreesVote",1,1,1,1,1,1,1,1,1,1,1,1
"wilt",3,"train","notcovered","IntreesVote",0.960526315789474,0.960526315789474,0.5,0.979865771812081,0.972551466001248,0.972551466001248,0.5,0.986084756483238,0.681159420289855,0.681159420289855,0.5,0.810344827586207
"wilt",3,"test","all","IntreesVote",0.960716747070986,0.960716747070986,0.5,0.979964850615114,0.978893740902474,0.978893740902474,0.5,0.989334314086061,0.636363636363636,0.636363636363636,0.5,0.777777777777778
"wilt",3,"test","covered","IntreesVote",1,1,1,1,1,1,1,1,NA,NA,NA,NA
"wilt",3,"test","notcovered","IntreesVote",0.95997191011236,0.95997191011236,0.5,0.979577212468649,0.978470675575353,0.978470675575353,0.5,0.989118198874296,0.636363636363636,0.636363636363636,0.5,0.777777777777778
"wilt",3,"train","all","IntreesSTEL",0.961038961038961,0.961038961038961,0.5,0.980132450331126,0.972914742997846,0.972914742997846,0.5,0.986271450858034,0.683453237410072,0.683453237410072,0.5,0.811965811965812
"wilt",3,"train","covered","IntreesSTEL",1,1,1,1,1,1,1,1,1,1,1,1
"wilt",3,"train","notcovered","IntreesSTEL",0.960526315789474,0.960526315789474,0.5,0.979865771812081,0.972551466001248,0.972551466001248,0.5,0.986084756483238,0.681159420289855,0.681159420289855,0.5,0.810344827586207
"wilt",3,"test","all","IntreesSTEL",0.960716747070986,0.960716747070986,0.5,0.979964850615114,0.978893740902474,0.978893740902474,0.5,0.989334314086061,0.636363636363636,0.636363636363636,0.5,0.777777777777778
"wilt",3,"test","covered","IntreesSTEL",1,1,1,1,1,1,1,1,NA,NA,NA,NA
"wilt",3,"test","notcovered","IntreesSTEL",0.95997191011236,0.95997191011236,0.5,0.979577212468649,0.978470675575353,0.978470675575353,0.5,0.989118198874296,0.636363636363636,0.636363636363636,0.5,0.777777777777778
"wilt",4,"train","all","PreSelectedRules",0.982880755608028,0.99140231248147,0.602739726027397,0.666118421052632,0.988264360716492,0.994104871237977,0.641509433962264,0.717623191598737,0.866666666666667,0.866666666666667,0.5,0.928571428571429
"wilt",4,"train","covered","PreSelectedRules",0.982880755608028,0.99140231248147,0.602739726027397,0.666118421052632,0.988264360716492,0.994104871237977,0.641509433962264,0.717623191598737,0.866666666666667,0.866666666666667,0.5,0.928571428571429
"wilt",4,"train","notcovered","PreSelectedRules",NA,NA,NA,NA,NA,NA,NA,NA,NA,NA,NA,NA
"wilt",4,"test","all","PreSelectedRules",0.980702963473467,0.99028452463567,0.631578947368421,0.703427937397804,0.989877078814172,0.994901675163875,0.708333333333333,0.791555421582982,0.794117647058823,0.794117647058823,0.5,0.885245901639344
"wilt",4,"test","covered","PreSelectedRules",0.980702963473467,0.99028452463567,0.631578947368421,0.703427937397804,0.989877078814172,0.994901675163875,0.708333333333333,0.791555421582982,0.794117647058823,0.794117647058823,0.5,0.885245901639344
"wilt",4,"test","notcovered","PreSelectedRules",NA,NA,NA,NA,NA,NA,NA,NA,NA,NA,NA,NA
"wilt",4,"train","all","OptimalRules",0.978453364817001,0.978453364817001,0.5,0.989109354020588,0.983631871525633,0.983631871525633,0.5,0.991748404172505,0.866666666666667,0.866666666666667,0.5,0.928571428571429
"wilt",4,"train","covered","OptimalRules",0.979128856624319,0.979128856624319,0.5,0.989454378725355,0.984493670886076,0.984493670886076,0.5,0.992186254185935,0.863013698630137,0.863013698630137,0.5,0.926470588235294
"wilt",4,"train","notcovered","OptimalRules",0.951219512195122,0.951219512195122,0.5,0.975,0.948717948717949,0.948717948717949,0.5,0.973684210526316,1,1,1,1
"wilt",4,"test","all","OptimalRules",0.97381116471399,0.97381116471399,0.5,0.986731843575419,0.982646420824295,0.982646420824295,0.5,0.991247264770241,0.794117647058823,0.794117647058823,0.5,0.885245901639344
"wilt",4,"test","covered","OptimalRules",0.973352033660589,0.973352033660589,0.5,0.986496090973703,0.982352941176471,0.982352941176471,0.5,0.991097922848665,0.787878787878788,0.787878787878788,0.5,0.88135593220339
"wilt",4,"test","notcovered","OptimalRules",1,1,1,1,1,1,1,1,1,1,1,1
"wilt",4,"train","all","OPTSTEL",0.978453364817001,0.978453364817001,0.5,0.989109354020588,0.983631871525633,0.983631871525633,0.5,0.991748404172505,0.866666666666667,0.866666666666667,0.5,0.928571428571429
"wilt",4,"train","covered","OPTSTEL",0.997,0.997,0.5,0.99849774661993,0.997598627787307,0.997598627787307,0.5,0.998797870513481,0.976470588235294,0.976470588235294,0.5,0.988095238095238
"wilt",4,"train","notcovered","OPTSTEL",0.835051546391753,0.835051546391753,0.5,0.910112359550562,0.857585139318885,0.857585139318885,0.5,0.923333333333333,0.723076923076923,0.723076923076923,0.5,0.839285714285714
"wilt",4,"test","all","OPTSTEL",0.97381116471399,0.97381116471399,0.5,0.986731843575419,0.982646420824295,0.982646420824295,0.5,0.991247264770241,0.794117647058823,0.794117647058823,0.5,0.885245901639344
"wilt",4,"test","covered","OPTSTEL",0.9938884644767,0.9938884644767,0.5,0.996934865900383,0.996050552922591,0.996050552922591,0.5,0.998021369212505,0.930232558139535,0.930232558139535,0.5,0.963855421686747
"wilt",4,"test","notcovered","OPTSTEL",0.788732394366197,0.788732394366197,0.5,0.881889763779528,0.837606837606838,0.837606837606838,0.5,0.911627906976744,0.56,0.56,0.5,0.717948717948718
"wilt",4,"train","all","IntreesRRFVote",0.981995277449823,0.990965639810427,0.582191780821918,0.636618108609458,0.98733786287832,0.993645381277123,0.613207547169811,0.681417755540357,0.866666666666667,0.866666666666667,0.5,0.928571428571429
"wilt",4,"train","covered","IntreesRRFVote",0.980207657365347,0.990065146579804,0.582191780821918,0.636159198010509,0.986059163549813,0.993001024240355,0.613207547169811,0.681091231271737,0.858156028368794,0.858156028368794,0.5,0.923664122137405
"wilt",4,"train","notcovered","IntreesRRFVote",1,1,1,1,1,1,1,1,1,1,1,1
"wilt",4,"test","all","IntreesRRFVote",0.978635423845624,0.989265927977839,0.592105263157895,0.650130284291992,0.987707881417209,0.993822674418605,0.645833333333333,0.722698590552574,0.794117647058823,0.794117647058823,0.5,0.885245901639344
"wilt",4,"test","covered","IntreesRRFVote",0.976550680786687,0.988212927756654,0.592105263157895,0.649591723312385,0.986497220015886,0.993210862619808,0.645833333333333,0.722388679196337,0.777777777777778,0.777777777777778,0.5,0.875
"wilt",4,"test","notcovered","IntreesRRFVote",1,1,1,1,1,1,1,1,1,1,1,1
"wilt",4,"train","all","IntreesVote",0.978453364817001,0.978453364817001,0.5,0.989109354020588,0.983631871525633,0.983631871525633,0.5,0.991748404172505,0.866666666666667,0.866666666666667,0.5,0.928571428571429
"wilt",4,"train","covered","IntreesVote",0.979913916786227,0.979913916786227,0.5,0.989855072463768,0.986542056074766,0.986542056074766,0.5,0.993225442228077,0.823008849557522,0.823008849557522,0.5,0.902912621359223
"wilt",4,"train","notcovered","IntreesVote",0.971666666666667,0.971666666666667,0.5,0.985629754860524,0.969804618117229,0.969804618117229,0.5,0.984670874661858,1,1,1,1
"wilt",4,"test","all","IntreesVote",0.97381116471399,0.97381116471399,0.5,0.986731843575419,0.982646420824295,0.982646420824295,0.5,0.991247264770241,0.794117647058823,0.794117647058823,0.5,0.885245901639344
"wilt",4,"test","covered","IntreesVote",0.977722772277228,0.977722772277228,0.5,0.988735919899875,0.98881239242685,0.98881239242685,0.5,0.994374729554305,0.72,0.72,0.5,0.837209302325581
"wilt",4,"test","notcovered","IntreesVote",0.95397489539749,0.95397489539749,0.5,0.97644539614561,0.950226244343891,0.950226244343891,0.5,0.974477958236659,1,1,1,1
"wilt",4,"train","all","IntreesSTEL",0.978453364817001,0.978453364817001,0.5,0.989109354020588,0.983631871525633,0.983631871525633,0.5,0.991748404172505,0.866666666666667,0.866666666666667,0.5,0.928571428571429
"wilt",4,"train","covered","IntreesSTEL",0.979913916786227,0.979913916786227,0.5,0.989855072463768,0.986542056074766,0.986542056074766,0.5,0.993225442228077,0.823008849557522,0.823008849557522,0.5,0.902912621359223
"wilt",4,"train","notcovered","IntreesSTEL",0.971666666666667,0.971666666666667,0.5,0.985629754860524,0.969804618117229,0.969804618117229,0.5,0.984670874661858,1,1,1,1
"wilt",4,"test","all","IntreesSTEL",0.97381116471399,0.97381116471399,0.5,0.986731843575419,0.982646420824295,0.982646420824295,0.5,0.991247264770241,0.794117647058823,0.794117647058823,0.5,0.885245901639344
"wilt",4,"test","covered","IntreesSTEL",0.977722772277228,0.977722772277228,0.5,0.988735919899875,0.98881239242685,0.98881239242685,0.5,0.994374729554305,0.72,0.72,0.5,0.837209302325581
"wilt",4,"test","notcovered","IntreesSTEL",0.95397489539749,0.95397489539749,0.5,0.97644539614561,0.950226244343891,0.950226244343891,0.5,0.974477958236659,1,1,1,1
"wilt",5,"train","all","PreSelectedRules",0.983175914994097,0.991545535449422,0.614864864864865,0.682549910822162,0.98827522369639,0.994106699751861,0.654545454545455,0.733146992546369,0.870748299319728,0.870748299319728,0.5,0.930909090909091
"wilt",5,"train","covered","PreSelectedRules",0.983175914994097,0.991545535449422,0.614864864864865,0.682549910822162,0.98827522369639,0.994106699751861,0.654545454545455,0.733146992546369,0.870748299319728,0.870748299319728,0.5,0.930909090909091
"wilt",5,"train","notcovered","PreSelectedRules",NA,NA,NA,NA,NA,NA,NA,NA,NA,NA,NA,NA
"wilt",5,"test","all","PreSelectedRules",0.986216402481048,0.993069993069993,0.642857142857143,0.718733038691168,0.99275887038378,0.996358339402768,0.722222222222222,0.805864822312191,0.857142857142857,0.857142857142857,0.5,0.923076923076923
"wilt",5,"test","covered","PreSelectedRules",0.986216402481048,0.993069993069993,0.642857142857143,0.718733038691168,0.99275887038378,0.996358339402768,0.722222222222222,0.805864822312191,0.857142857142857,0.857142857142857,0.5,0.923076923076923
"wilt",5,"test","notcovered","PreSelectedRules",NA,NA,NA,NA,NA,NA,NA,NA,NA,NA,NA,NA
"wilt",5,"train","all","OptimalRules",0.978158205430933,0.978158205430933,0.5,0.988958519844822,0.983029929034249,0.983029929034249,0.5,0.991442352575074,0.870748299319728,0.870748299319728,0.5,0.930909090909091
"wilt",5,"train","covered","OptimalRules",0.979746070133011,0.979746070133011,0.5,0.989769430447397,0.984829329962073,0.984829329962073,0.5,0.992356687898089,0.868055555555556,0.868055555555556,0.5,0.929368029739777
"wilt",5,"train","notcovered","OptimalRules",0.9125,0.9125,0.5,0.954248366013072,0.909090909090909,0.909090909090909,0.5,0.952380952380952,1,1,1,1
"wilt",5,"test","all","OptimalRules",0.980702963473467,0.980702963473467,0.5,0.990257480862909,0.986965966690804,0.986965966690804,0.5,0.993440233236152,0.857142857142857,0.857142857142857,0.5,0.923076923076923
"wilt",5,"test","covered","OptimalRules",0.984430290162774,0.984430290162774,0.5,0.992154065620542,0.991084695393759,0.991084695393759,0.5,0.995522388059702,0.850746268656716,0.850746268656716,0.5,0.919354838709677
"wilt",5,"test","notcovered","OptimalRules",0.842105263157895,0.842105263157895,0.5,0.914285714285714,0.828571428571429,0.828571428571429,0.5,0.90625,1,1,1,1
"wilt",5,"train","all","OPTSTEL",0.978158205430933,0.978158205430933,0.5,0.988958519844822,0.983029929034249,0.983029929034249,0.5,0.991442352575074,0.870748299319728,0.870748299319728,0.5,0.930909090909091
"wilt",5,"train","covered","OPTSTEL",1,1,1,1,1,1,1,1,1,1,1,1
"wilt",5,"train","notcovered","OPTSTEL",0.763578274760383,0.763578274760383,0.5,0.865942028985507,0.785992217898833,0.785992217898833,0.5,0.880174291938998,0.660714285714286,0.660714285714286,0.5,0.795698924731183
"wilt",5,"test","all","OPTSTEL",0.980702963473467,0.980702963473467,0.5,0.990257480862909,0.986965966690804,0.986965966690804,0.5,0.993440233236152,0.857142857142857,0.857142857142857,0.5,0.923076923076923
"wilt",5,"test","covered","OPTSTEL",1,1,1,1,1,1,1,1,1,1,1,1
"wilt",5,"test","notcovered","OPTSTEL",0.821656050955414,0.821656050955414,0.5,0.902097902097902,0.859375,0.859375,0.5,0.92436974789916,0.655172413793103,0.655172413793103,0.5,0.791666666666667
"wilt",5,"train","all","IntreesRRFVote",0.978453364817001,0.989223501623856,0.506756756756757,0.507886385116649,0.983338475779081,0.991666666666667,0.509090909090909,0.513655462184874,0.870748299319728,0.870748299319728,0.5,0.930909090909091
"wilt",5,"train","covered","IntreesRRFVote",0.978038507821901,0.989015949443274,0.506756756756757,0.507780313403317,0.983050847457627,0.991522762951334,0.509090909090909,0.513582285352393,0.86231884057971,0.86231884057971,0.5,0.926070038910506
"wilt",5,"train","notcovered","IntreesRRFVote",1,1,1,1,1,1,1,1,1,1,1,1
"wilt",5,"test","all","IntreesRRFVote",0.982081323225362,0.991028295376121,0.535714285714286,0.562140204271124,0.988414192614048,0.994198694706309,0.555555555555556,0.59708242159008,0.857142857142857,0.857142857142857,0.5,0.923076923076923
"wilt",5,"test","covered","IntreesRRFVote",0.982381959126145,0.991178546224418,0.537037037037037,0.564515535041308,0.988905325443787,0.994444444444444,0.558823529411765,0.602469861805351,0.850746268656716,0.850746268656716,0.5,0.919354838709677
"wilt",5,"test","notcovered","IntreesRRFVote",0.96875,0.96875,0.5,0.984126984126984,0.96551724137931,0.96551724137931,0.5,0.982456140350877,1,1,1,1
"wilt",5,"train","all","IntreesVote",0.978158205430933,0.978158205430933,0.5,0.988958519844822,0.983029929034249,0.983029929034249,0.5,0.991442352575074,0.870748299319728,0.870748299319728,0.5,0.930909090909091
"wilt",5,"train","covered","IntreesVote",0.977952280277862,0.977952280277862,0.5,0.988853260039701,0.98300283286119,0.98300283286119,0.5,0.991428571428572,0.858208955223881,0.858208955223881,0.5,0.923694779116466
"wilt",5,"train","notcovered","IntreesVote",0.987012987012987,0.987012987012987,0.5,0.993464052287582,0.984375,0.984375,0.5,0.992125984251969,1,1,1,1
"wilt",5,"test","all","IntreesVote",0.980702963473467,0.980702963473467,0.5,0.990257480862909,0.986965966690804,0.986965966690804,0.5,0.993440233236152,0.857142857142857,0.857142857142857,0.5,0.923076923076923
"wilt",5,"test","covered","IntreesVote",0.982256919801277,0.982256919801277,0.5,0.991049051199427,0.988839285714286,0.988839285714286,0.5,0.994388327721661,0.846153846153846,0.846153846153846,0.5,0.916666666666667
"wilt",5,"test","notcovered","IntreesVote",0.928571428571429,0.928571428571429,0.5,0.962962962962963,0.918918918918919,0.918918918918919,0.5,0.957746478873239,1,1,1,1
"wilt",5,"train","all","IntreesSTEL",0.978158205430933,0.978158205430933,0.5,0.988958519844822,0.983029929034249,0.983029929034249,0.5,0.991442352575074,0.870748299319728,0.870748299319728,0.5,0.930909090909091
"wilt",5,"train","covered","IntreesSTEL",0.977952280277862,0.977952280277862,0.5,0.988853260039701,0.98300283286119,0.98300283286119,0.5,0.991428571428572,0.858208955223881,0.858208955223881,0.5,0.923694779116466
"wilt",5,"train","notcovered","IntreesSTEL",0.987012987012987,0.987012987012987,0.5,0.993464052287582,0.984375,0.984375,0.5,0.992125984251969,1,1,1,1
"wilt",5,"test","all","IntreesSTEL",0.980702963473467,0.980702963473467,0.5,0.990257480862909,0.986965966690804,0.986965966690804,0.5,0.993440233236152,0.857142857142857,0.857142857142857,0.5,0.923076923076923
"wilt",5,"test","covered","IntreesSTEL",0.982256919801277,0.982256919801277,0.5,0.991049051199427,0.988839285714286,0.988839285714286,0.5,0.994388327721661,0.846153846153846,0.846153846153846,0.5,0.916666666666667
"wilt",5,"test","notcovered","IntreesSTEL",0.928571428571429,0.928571428571429,0.5,0.962962962962963,0.918918918918919,0.918918918918919,0.5,0.957746478873239,1,1,1,1
"wilt",6,"train","all","PreSelectedRules",0.998524203069658,0.999256837098692,0.913793103448276,0.952458330877669,0.998762376237624,0.999376558603491,0.928571428571429,0.961226546379385,0.993589743589744,0.993589743589744,0.5,0.996784565916399
"wilt",6,"train","covered","PreSelectedRules",0.998524203069658,0.999256837098692,0.913793103448276,0.952458330877669,0.998762376237624,0.999376558603491,0.928571428571429,0.961226546379385,0.993589743589744,0.993589743589744,0.5,0.996784565916399
"wilt",6,"train","notcovered","PreSelectedRules",NA,NA,NA,NA,NA,NA,NA,NA,NA,NA,NA,NA
"wilt",6,"test","all","PreSelectedRules",1,1,1,1,1,1,1,1,1,1,1,1
"wilt",6,"test","covered","PreSelectedRules",1,1,1,1,1,1,1,1,1,1,1,1
"wilt",6,"test","notcovered","PreSelectedRules",NA,NA,NA,NA,NA,NA,NA,NA,NA,NA,NA,NA
"wilt",6,"train","all","OptimalRules",0.991440377804014,0.991440377804014,0.5,0.995701793389655,0.991336633663366,0.991336633663366,0.5,0.995649471721566,0.993589743589744,0.993589743589744,0.5,0.996784565916399
"wilt",6,"train","covered","OptimalRules",0.995461422087746,0.995461422087746,0.5,0.997725549658832,0.995247148288973,0.995247148288973,0.5,0.997617913292044,1,1,1,1
"wilt",6,"train","notcovered","OptimalRules",0.831325301204819,0.831325301204819,0.5,0.907894736842105,0.828947368421053,0.828947368421053,0.5,0.906474820143885,0.857142857142857,0.857142857142857,0.5,0.923076923076923
"wilt",6,"test","all","OptimalRules",0.993797381116471,0.993797381116471,0.5,0.996889042516419,0.993487698986975,0.993487698986975,0.5,0.996733212341198,1,1,1,1
"wilt",6,"test","covered","OptimalRules",0.997179125528914,0.997179125528914,0.5,0.998587570621469,0.997043606799704,0.997043606799704,0.5,0.998519615099926,1,1,1,1
"wilt",6,"test","notcovered","OptimalRules",0.848484848484849,0.848484848484849,0.5,0.918032786885246,0.827586206896552,0.827586206896552,0.5,0.905660377358491,1,1,1,1
"wilt",6,"train","all","OPTSTEL",0.991440377804014,0.991440377804014,0.5,0.995701793389655,0.991336633663366,0.991336633663366,0.5,0.995649471721566,0.993589743589744,0.993589743589744,0.5,0.996784565916399
"wilt",6,"train","covered","OPTSTEL",1,1,1,1,1,1,1,1,1,1,1,1
"wilt",6,"train","notcovered","OPTSTEL",0.934240362811791,0.934240362811791,0.5,0.966002344665885,0.917888563049853,0.917888563049853,0.5,0.957186544342508,0.99,0.99,0.5,0.994974874371859
"wilt",6,"test","all","OPTSTEL",0.993797381116471,0.993797381116471,0.5,0.996889042516419,0.993487698986975,0.993487698986975,0.5,0.996733212341198,1,1,1,1
"wilt",6,"test","covered","OPTSTEL",1,1,1,1,1,1,1,1,1,1,1,1
"wilt",6,"test","notcovered","OPTSTEL",0.951871657754011,0.951871657754011,0.5,0.975342465753425,0.935714285714286,0.935714285714286,0.5,0.966789667896679,1,1,1,1
"wilt",6,"train","all","IntreesRRFVote",0.991440377804014,0.991440377804014,0.5,0.995701793389655,0.991336633663366,0.991336633663366,0.5,0.995649471721566,0.993589743589744,0.993589743589744,0.5,0.996784565916399
"wilt",6,"train","covered","IntreesRRFVote",0.991379310344828,0.991379310344828,0.5,0.995670995670996,0.991271820448878,0.991271820448878,0.5,0.995616781465247,0.993589743589744,0.993589743589744,0.5,0.996784565916399
"wilt",6,"train","notcovered","IntreesRRFVote",1,1,1,1,1,1,1,1,NA,NA,NA,NA
"wilt",6,"test","all","IntreesRRFVote",0.993797381116471,0.993797381116471,0.5,0.996889042516419,0.993487698986975,0.993487698986975,0.5,0.996733212341198,1,1,1,1
"wilt",6,"test","covered","IntreesRRFVote",0.993728222996516,0.993728222996516,0.5,0.996854246766865,0.993411420204978,0.993411420204978,0.5,0.996694821887624,1,1,1,1
"wilt",6,"test","notcovered","IntreesRRFVote",1,1,1,1,1,1,1,1,NA,NA,NA,NA
"wilt",6,"train","all","IntreesVote",0.991440377804014,0.991440377804014,0.5,0.995701793389655,0.991336633663366,0.991336633663366,0.5,0.995649471721566,0.993589743589744,0.993589743589744,0.5,0.996784565916399
"wilt",6,"train","covered","IntreesVote",0.991169977924945,0.991169977924945,0.5,0.995565410199556,0.991121341663926,0.991121341663926,0.5,0.995540875309662,0.992307692307692,0.992307692307692,0.5,0.996138996138996
"wilt",6,"train","notcovered","IntreesVote",0.995391705069124,0.995391705069124,0.5,0.997690531177829,0.994764397905759,0.994764397905759,0.5,0.99737532808399,1,1,1,1
"wilt",6,"test","all","IntreesVote",0.993797381116471,0.993797381116471,0.5,0.996889042516419,0.993487698986975,0.993487698986975,0.5,0.996733212341198,1,1,1,1
"wilt",6,"test","covered","IntreesVote",0.993367722918202,0.993367722918202,0.5,0.996672828096118,0.993098159509202,0.993098159509202,0.5,0.996537129665256,1,1,1,1
"wilt",6,"test","notcovered","IntreesVote",1,1,1,1,1,1,1,1,1,1,1,1
"wilt",6,"train","all","IntreesSTEL",0.991440377804014,0.991440377804014,0.5,0.995701793389655,0.991336633663366,0.991336633663366,0.5,0.995649471721566,0.993589743589744,0.993589743589744,0.5,0.996784565916399
"wilt",6,"train","covered","IntreesSTEL",0.991169977924945,0.991169977924945,0.5,0.995565410199556,0.991121341663926,0.991121341663926,0.5,0.995540875309662,0.992307692307692,0.992307692307692,0.5,0.996138996138996
"wilt",6,"train","notcovered","IntreesSTEL",0.995391705069124,0.995391705069124,0.5,0.997690531177829,0.994764397905759,0.994764397905759,0.5,0.99737532808399,1,1,1,1
"wilt",6,"test","all","IntreesSTEL",0.993797381116471,0.993797381116471,0.5,0.996889042516419,0.993487698986975,0.993487698986975,0.5,0.996733212341198,1,1,1,1
"wilt",6,"test","covered","IntreesSTEL",0.993367722918202,0.993367722918202,0.5,0.996672828096118,0.993098159509202,0.993098159509202,0.5,0.996537129665256,1,1,1,1
"wilt",6,"test","notcovered","IntreesSTEL",1,1,1,1,1,1,1,1,1,1,1,1
"wilt",7,"train","all","PreSelectedRules",0.974321133412043,0.833216987814518,0.600673035171515,0.650937977767067,0.984264116013576,0.909361724173661,0.648623611620536,0.715790233862523,0.755102040816326,0.390845070422535,0.478448275862069,0.86046511627907
"wilt",7,"train","covered","PreSelectedRules",0.976916247410476,0.988389401607621,0.602040816326531,0.663618031447825,0.985480383070744,0.992695057506994,0.649253731343284,0.726205708794264,0.78169014084507,0.78169014084507,0.5,0.877470355731225
"wilt",7,"train","notcovered","PreSelectedRules",0,0,0,NA,0,0,0,NA,0,0,0,NA
"wilt",7,"test","all","PreSelectedRules",0.969676085458305,0.682930138791967,0.583602055279943,0.612954071487463,0.982621288921072,0.743782004389173,0.64325411446819,0.679805239972177,0.714285714285714,0.378787878787879,0.462962962962963,0.833333333333333
"wilt",7,"test","covered","PreSelectedRules",0.977083333333333,0.988485694347523,0.5875,0.643111955599282,0.987627365356623,0.993782004389173,0.645833333333333,0.722678001116032,0.757575757575758,0.757575757575758,0.5,0.862068965517241
"wilt",7,"test","notcovered","PreSelectedRules",0,0,0,NA,0,0,0,NA,0,0,0,NA
"wilt",7,"train","all","OptimalRules",0.971074380165289,0.971074380165289,0.5,0.985324947589098,0.979327368096267,0.979327368096267,0.5,0.989555728760717,0.789115646258503,0.789115646258503,0.5,0.88212927756654
"wilt",7,"train","covered","OptimalRules",0.98036253776435,0.98036253776435,0.5,0.990083905415713,0.985866834170854,0.985866834170854,0.5,0.992883125098845,0.841269841269841,0.841269841269841,0.5,0.913793103448276
"wilt",7,"train","notcovered","OptimalRules",0.576923076923077,0.576923076923077,0.5,0.731707317073171,0.614035087719298,0.614035087719298,0.5,0.760869565217391,0.476190476190476,0.476190476190476,0.5,0.645161290322581
"wilt",7,"test","all","OptimalRules",0.972432804962095,0.972432804962095,0.5,0.986023759608665,0.982621288921072,0.982621288921072,0.5,0.991234477720964,0.771428571428571,0.771428571428571,0.5,0.870967741935484
"wilt",7,"test","covered","OptimalRules",0.981560283687943,0.981560283687943,0.5,0.990694345025054,0.987444608567208,0.987444608567208,0.5,0.993682645856559,0.839285714285714,0.839285714285714,0.5,0.912621359223301
"wilt",7,"test","notcovered","OptimalRules",0.658536585365854,0.658536585365854,0.5,0.794117647058823,0.740740740740741,0.740740740740741,0.5,0.851063829787234,0.5,0.5,0.5,0.666666666666667
"wilt",7,"train","all","OPTSTEL",0.971074380165289,0.971074380165289,0.5,0.985324947589098,0.979327368096267,0.979327368096267,0.5,0.989555728760717,0.789115646258503,0.789115646258503,0.5,0.88212927756654
"wilt",7,"train","covered","OPTSTEL",1,1,1,1,1,1,1,1,1,1,1,1
"wilt",7,"train","notcovered","OPTSTEL",0.637037037037037,0.637037037037037,0.5,0.778280542986425,0.631868131868132,0.631868131868132,0.5,0.774410774410774,0.647727272727273,0.647727272727273,0.5,0.786206896551724
"wilt",7,"test","all","OPTSTEL",0.972432804962095,0.972432804962095,0.5,0.986023759608665,0.982621288921072,0.982621288921072,0.5,0.991234477720964,0.771428571428571,0.771428571428571,0.5,0.870967741935484
"wilt",7,"test","covered","OPTSTEL",1,1,1,1,1,1,1,1,1,1,1,1
"wilt",7,"test","notcovered","OPTSTEL",0.672131147540984,0.672131147540984,0.5,0.803921568627451,0.707317073170732,0.707317073170732,0.5,0.828571428571429,0.6,0.6,0.5,0.75
"wilt",7,"train","all","IntreesRRFVote",0.96133412042503,0.700678074722594,0.861289622231871,0.755151398798343,0.974699166923789,0.709049631077757,0.811758786408224,0.749458874458874,0.666666666666667,0.69375,0.788793103448276,0.645399497858514
"wilt",7,"train","covered","IntreesRRFVote",0.916116248348745,0.696918014033895,0.855940964938568,0.7460251626325,0.943884892086331,0.705113335228015,0.819416035693353,0.747286865070486,0.604838709677419,0.69375,0.736559139784946,0.600447162490958
"wilt",7,"train","notcovered","IntreesRRFVote",0.99786552828175,0.99786552828175,0.5,0.998931623931624,0.997839005942734,0.997839005942734,0.5,0.998918334234721,1,1,1,1
"wilt",7,"test","all","IntreesRRFVote",0.963473466574776,0.701851005030121,0.859762579730687,0.755985112182182,0.976104272266474,0.685468951093951,0.78319209039548,0.72339934814671,0.714285714285714,0.722222222222222,0.814814814814815,0.694055944055944
"wilt",7,"test","covered","IntreesRRFVote",0.918622848200313,0.697528922019459,0.848782051282051,0.745558686596422,0.944827586206897,0.68090189637151,0.783701506517836,0.718787878787879,0.661016949152542,0.722222222222222,0.767441860465116,0.656177156177156
"wilt",7,"test","notcovered","IntreesRRFVote",0.998768472906404,0.998768472906404,0.5,0.999383857054837,0.998751560549313,0.998751560549313,0.5,0.999375390381012,1,1,1,1
"wilt",7,"train","all","IntreesVote",0.971074380165289,0.971074380165289,0.5,0.985324947589098,0.979327368096267,0.979327368096267,0.5,0.989555728760717,0.789115646258503,0.789115646258503,0.5,0.88212927756654
"wilt",7,"train","covered","IntreesVote",0.99860529986053,0.99860529986053,0.5,0.999302163293789,0.998591549295775,0.998591549295775,0.5,0.999295278365046,1,1,1,1
"wilt",7,"train","notcovered","IntreesVote",0.963684013478098,0.963684013478098,0.5,0.981506196377502,0.973923350454366,0.973923350454366,0.5,0.986789431545236,0.778571428571429,0.778571428571429,0.5,0.875502008032129
"wilt",7,"test","all","IntreesVote",0.972432804962095,0.972432804962095,0.5,0.986023759608665,0.982621288921072,0.982621288921072,0.5,0.991234477720964,0.771428571428571,0.771428571428571,0.5,0.870967741935484
"wilt",7,"test","covered","IntreesVote",1,1,1,1,1,1,1,1,1,1,1,1
"wilt",7,"test","notcovered","IntreesVote",0.964539007092199,0.964539007092199,0.5,0.981949458483754,0.977422389463782,0.977422389463782,0.5,0.988582302568982,0.753846153846154,0.753846153846154,0.5,0.859649122807018
"wilt",7,"train","all","IntreesSTEL",0.971074380165289,0.971074380165289,0.5,0.985324947589098,0.979327368096267,0.979327368096267,0.5,0.989555728760717,0.789115646258503,0.789115646258503,0.5,0.88212927756654
"wilt",7,"train","covered","IntreesSTEL",0.99860529986053,0.99860529986053,0.5,0.999302163293789,0.998591549295775,0.998591549295775,0.5,0.999295278365046,1,1,1,1
"wilt",7,"train","notcovered","IntreesSTEL",0.963684013478098,0.963684013478098,0.5,0.981506196377502,0.973923350454366,0.973923350454366,0.5,0.986789431545236,0.778571428571429,0.778571428571429,0.5,0.875502008032129
"wilt",7,"test","all","IntreesSTEL",0.972432804962095,0.972432804962095,0.5,0.986023759608665,0.982621288921072,0.982621288921072,0.5,0.991234477720964,0.771428571428571,0.771428571428571,0.5,0.870967741935484
"wilt",7,"test","covered","IntreesSTEL",1,1,1,1,1,1,1,1,1,1,1,1
"wilt",7,"test","notcovered","IntreesSTEL",0.964539007092199,0.964539007092199,0.5,0.981949458483754,0.977422389463782,0.977422389463782,0.5,0.988582302568982,0.753846153846154,0.753846153846154,0.5,0.859649122807018
"wilt",8,"train","all","PreSelectedRules",0.981700118063754,0.836938333453101,0.635628835306515,0.691433540752231,0.988271604938272,0.911380597014925,0.684557438794727,0.753442433854805,0.837837837837838,0.433566433566434,0.48062015503876,0.911764705882353
"wilt",8,"train","covered","PreSelectedRules",0.984314886060965,0.992110747246204,0.636986301369863,0.711077769442361,0.989493201483313,0.994713930348259,0.685185185185185,0.767613189932665,0.867132867132867,0.867132867132867,0.5,0.928838951310861
"wilt",8,"train","notcovered","PreSelectedRules",0,0,0,NA,0,0,0,NA,0,0,0,NA
"wilt",8,"test","all","PreSelectedRules",0.978635423845624,0.777015607913311,0.619096465358807,0.664783694153594,0.987012987012987,0.858181818181818,0.67281252990526,0.73200704679242,0.8,0.419354838709677,0.472727272727273,0.888888888888889
"wilt",8,"test","covered","PreSelectedRules",0.982698961937716,0.991301322199026,0.621212121212121,0.690734446832008,0.989154013015184,0.994545454545455,0.673913043478261,0.755322285781683,0.838709677419355,0.838709677419355,0.5,0.912280701754386
"wilt",8,"test","notcovered","PreSelectedRules",0,0,0,NA,0,0,0,NA,0,0,0,NA
"wilt",8,"train","all","OptimalRules",0.978453364817001,0.978453364817001,0.5,0.989109354020588,0.983333333333333,0.983333333333333,0.5,0.991596638655462,0.871621621621622,0.871621621621622,0.5,0.931407942238267
"wilt",8,"train","covered","OptimalRules",0.981498331816803,0.981498331816803,0.5,0.990662788917802,0.986725663716814,0.986725663716814,0.5,0.993318485523385,0.857142857142857,0.857142857142857,0.5,0.923076923076923
"wilt",8,"train","notcovered","OptimalRules",0.868131868131868,0.868131868131868,0.5,0.929411764705882,0.842105263157895,0.842105263157895,0.5,0.914285714285714,1,1,1,1
"wilt",8,"test","all","OptimalRules",0.977257064093728,0.977257064093728,0.5,0.988497734402231,0.983405483405483,0.983405483405483,0.5,0.991633321207712,0.846153846153846,0.846153846153846,0.5,0.916666666666667
"wilt",8,"test","covered","OptimalRules",0.978708303761533,0.978708303761533,0.5,0.989239598278336,0.985185185185185,0.985185185185185,0.5,0.992537313432836,0.830508474576271,0.830508474576271,0.5,0.907407407407407
"wilt",8,"test","notcovered","OptimalRules",0.928571428571429,0.928571428571429,0.5,0.962962962962963,0.916666666666667,0.916666666666667,0.5,0.956521739130435,1,1,1,1
"wilt",8,"train","all","OPTSTEL",0.978453364817001,0.978453364817001,0.5,0.989109354020588,0.983333333333333,0.983333333333333,0.5,0.991596638655462,0.871621621621622,0.871621621621622,0.5,0.931407942238267
"wilt",8,"train","covered","OPTSTEL",0.981464318813716,0.981464318813716,0.5,0.990645463049579,0.986900958466454,0.986900958466454,0.5,0.993407300209037,0.822429906542056,0.822429906542056,0.5,0.902564102564102
"wilt",8,"train","notcovered","OPTSTEL",0.913907284768212,0.913907284768212,0.5,0.955017301038062,0.881818181818182,0.881818181818182,0.5,0.93719806763285,1,1,1,1
"wilt",8,"test","all","OPTSTEL",0.977257064093728,0.977257064093728,0.5,0.988497734402231,0.983405483405483,0.983405483405483,0.5,0.991633321207712,0.846153846153846,0.846153846153846,0.5,0.916666666666667
"wilt",8,"test","covered","OPTSTEL",0.979076479076479,0.979076479076479,0.5,0.989427633977397,0.985810306198656,0.985810306198656,0.5,0.992854456562618,0.787234042553192,0.787234042553192,0.5,0.880952380952381
"wilt",8,"test","notcovered","OPTSTEL",0.938461538461538,0.938461538461538,0.5,0.968253968253968,0.914893617021277,0.914893617021277,0.5,0.955555555555556,1,1,1,1
"wilt",8,"train","all","IntreesRRFVote",0.977272727272727,0.489213947990544,0.499396681749623,0.988505747126437,0.983024691358025,0.491664093856128,0.499843063402385,0.991439688715953,0.851351351351351,0.43448275862069,0.488372093023256,0.91970802919708
"wilt",8,"train","covered","IntreesRRFVote",0.976416539050536,0.488807114382091,0.49937343358396,0.988067565473423,0.982354828360603,0.491335044929397,0.499836761345087,0.991098883314452,0.851351351351351,0.43448275862069,0.488372093023256,0.91970802919708
"wilt",8,"train","notcovered","IntreesRRFVote",1,1,1,1,1,1,1,1,NA,NA,NA,NA
"wilt",8,"test","all","IntreesRRFVote",0.975878704341833,0.488612836438923,0.499294781382228,0.987792117195675,0.983405483405483,0.983405483405483,0.5,0.991633321207712,0.815384615384615,0.420634920634921,0.481818181818182,0.898305084745763
"wilt",8,"test","covered","IntreesRRFVote",0.974928366762178,0.488163558106169,0.499266324284666,0.987305041712006,0.982745686421605,0.982745686421605,0.5,0.991297767688233,0.80952380952381,0.418032786885246,0.481132075471698,0.894736842105263
"wilt",8,"test","notcovered","IntreesRRFVote",1,1,1,1,1,1,1,1,1,1,1,1
"wilt",8,"train","all","IntreesVote",0.978453364817001,0.978453364817001,0.5,0.989109354020588,0.983333333333333,0.983333333333333,0.5,0.991596638655462,0.871621621621622,0.871621621621622,0.5,0.931407942238267
"wilt",8,"train","covered","IntreesVote",0.977395411605938,0.977395411605938,0.5,0.988568503668316,0.983140147523709,0.983140147523709,0.5,0.991498405951116,0.837606837606838,0.837606837606838,0.5,0.911627906976744
"wilt",8,"train","notcovered","IntreesVote",0.985849056603774,0.985849056603774,0.5,0.992874109263658,0.984732824427481,0.984732824427481,0.5,0.992307692307692,1,1,1,1
"wilt",8,"test","all","IntreesVote",0.977257064093728,0.977257064093728,0.5,0.988497734402231,0.983405483405483,0.983405483405483,0.5,0.991633321207712,0.846153846153846,0.846153846153846,0.5,0.916666666666667
"wilt",8,"test","covered","IntreesVote",0.976653696498054,0.976653696498054,0.5,0.988188976377953,0.983831851253032,0.983831851253032,0.5,0.991850040749796,0.791666666666667,0.791666666666667,0.5,0.883720930232558
"wilt",8,"test","notcovered","IntreesVote",0.981927710843373,0.981927710843373,0.5,0.990881458966565,0.979865771812081,0.979865771812081,0.5,0.989830508474576,1,1,1,1
"wilt",8,"train","all","IntreesSTEL",0.978453364817001,0.978453364817001,0.5,0.989109354020588,0.983333333333333,0.983333333333333,0.5,0.991596638655462,0.871621621621622,0.871621621621622,0.5,0.931407942238267
"wilt",8,"train","covered","IntreesSTEL",0.977395411605938,0.977395411605938,0.5,0.988568503668316,0.983140147523709,0.983140147523709,0.5,0.991498405951116,0.837606837606838,0.837606837606838,0.5,0.911627906976744
"wilt",8,"train","notcovered","IntreesSTEL",0.985849056603774,0.985849056603774,0.5,0.992874109263658,0.984732824427481,0.984732824427481,0.5,0.992307692307692,1,1,1,1
"wilt",8,"test","all","IntreesSTEL",0.977257064093728,0.977257064093728,0.5,0.988497734402231,0.983405483405483,0.983405483405483,0.5,0.991633321207712,0.846153846153846,0.846153846153846,0.5,0.916666666666667
"wilt",8,"test","covered","IntreesSTEL",0.976653696498054,0.976653696498054,0.5,0.988188976377953,0.983831851253032,0.983831851253032,0.5,0.991850040749796,0.791666666666667,0.791666666666667,0.5,0.883720930232558
"wilt",8,"test","notcovered","IntreesSTEL",0.981927710843373,0.981927710843373,0.5,0.990881458966565,0.979865771812081,0.979865771812081,0.5,0.989830508474576,1,1,1,1
"wilt",9,"train","all","PreSelectedRules",0.997048406139315,0.859553969669937,0.927531927531928,0.890561405775567,0.99845009299442,0.949532127261385,0.928259416090929,0.938634435478655,0.969135802469136,0.5,0.969135802469136,0.984326018808777
"wilt",9,"train","covered","PreSelectedRules",0.997044043748152,0.859553305539011,0.927530381575593,0.890560300207039,0.998448650325783,0.949531689041524,0.928259123761934,0.938634070181451,0.96875,0.5,0.96875,0.984126984126984
"wilt",9,"train","notcovered","PreSelectedRules",1,1,1,1,1,1,1,1,1,1,1,1
"wilt",9,"test","all","PreSelectedRules",0.999310820124052,0.954545454545455,0.999653018736988,0.976016925340077,1,1,1,1,0.985294117647059,0.5,0.985294117647059,0.992592592592593
"wilt",9,"test","covered","PreSelectedRules",0.999309868875086,0.954545454545455,0.999652536483669,0.976016684045881,1,1,1,1,0.985294117647059,0.5,0.985294117647059,0.992592592592593
"wilt",9,"test","notcovered","PreSelectedRules",1,1,1,1,1,1,1,1,NA,NA,NA,NA
"wilt",9,"train","all","OptimalRules",0.993801652892562,0.993801652892562,0.5,0.996891191709845,0.993490390576565,0.993490390576565,0.5,0.996734566941378,1,1,1,1
"wilt",9,"train","covered","OptimalRules",0.995757575757576,0.995757575757576,0.5,0.997874278773155,0.995571021828535,0.995571021828535,0.5,0.997780596068484,1,1,1,1
"wilt",9,"train","notcovered","OptimalRules",0.920454545454545,0.920454545454545,0.5,0.958579881656805,0.892307692307692,0.892307692307692,0.5,0.943089430894309,1,1,1,1
"wilt",9,"test","all","OptimalRules",0.993108201240524,0.993108201240524,0.5,0.996542185338866,0.992769342010123,0.992769342010123,0.5,0.996371552975327,1,1,1,1
"wilt",9,"test","covered","OptimalRules",0.994338287331918,0.994338287331918,0.5,0.997161107168204,0.99411331861663,0.99411331861663,0.5,0.997047970479705,1,1,1,1
"wilt",9,"test","notcovered","OptimalRules",0.947368421052632,0.947368421052632,0.5,0.972972972972973,0.916666666666667,0.916666666666667,0.5,0.956521739130435,1,1,1,1
"wilt",9,"train","all","OPTSTEL",0.993801652892562,0.993801652892562,0.5,0.996891191709845,0.993490390576565,0.993490390576565,0.5,0.996734566941378,1,1,1,1
"wilt",9,"train","covered","OPTSTEL",0.99571472298745,0.99571472298745,0.5,0.997852760736196,0.995547073791349,0.995547073791349,0.5,0.997768568696207,1,1,1,1
"wilt",9,"train","notcovered","OPTSTEL",0.942148760330578,0.942148760330578,0.5,0.970212765957447,0.914634146341463,0.914634146341463,0.5,0.955414012738854,1,1,1,1
"wilt",9,"test","all","OPTSTEL",0.993108201240524,0.993108201240524,0.5,0.996542185338866,0.992769342010123,0.992769342010123,0.5,0.996371552975327,1,1,1,1
"wilt",9,"test","covered","OPTSTEL",0.994281629735525,0.994281629735525,0.5,0.997132616487455,0.994078460399704,0.994078460399704,0.5,0.997030438010393,1,1,1,1
"wilt",9,"test","notcovered","OPTSTEL",0.961538461538462,0.961538461538462,0.5,0.980392156862745,0.9375,0.9375,0.5,0.967741935483871,1,1,1,1
"wilt",9,"train","all","IntreesRRFVote",0.993801652892562,0.993801652892562,0.5,0.996891191709845,0.993490390576565,0.993490390576565,0.5,0.996734566941378,1,1,1,1
"wilt",9,"train","covered","IntreesRRFVote",0.993738819320215,0.993738819320215,0.5,0.996859578286227,0.993435448577681,0.993435448577681,0.5,0.996706915477497,1,1,1,1
"wilt",9,"train","notcovered","IntreesRRFVote",1,1,1,1,1,1,1,1,1,1,1,1
"wilt",9,"test","all","IntreesRRFVote",0.993108201240524,0.993108201240524,0.5,0.996542185338866,0.992769342010123,0.992769342010123,0.5,0.996371552975327,1,1,1,1
"wilt",9,"test","covered","IntreesRRFVote",0.993050729673384,0.993050729673384,0.5,0.996513249651325,0.992716678805535,0.992716678805535,0.5,0.996345029239766,1,1,1,1
"wilt",9,"test","notcovered","IntreesRRFVote",1,1,1,1,1,1,1,1,1,1,1,1
"wilt",9,"train","all","IntreesVote",0.993801652892562,0.993801652892562,0.5,0.996891191709845,0.993490390576565,0.993490390576565,0.5,0.996734566941378,1,1,1,1
"wilt",9,"train","covered","IntreesVote",0.993738819320215,0.993738819320215,0.5,0.996859578286227,0.993435448577681,0.993435448577681,0.5,0.996706915477497,1,1,1,1
"wilt",9,"train","notcovered","IntreesVote",1,1,1,1,1,1,1,1,1,1,1,1
"wilt",9,"test","all","IntreesVote",0.993108201240524,0.993108201240524,0.5,0.996542185338866,0.992769342010123,0.992769342010123,0.5,0.996371552975327,1,1,1,1
"wilt",9,"test","covered","IntreesVote",0.993050729673384,0.993050729673384,0.5,0.996513249651325,0.992716678805535,0.992716678805535,0.5,0.996345029239766,1,1,1,1
"wilt",9,"test","notcovered","IntreesVote",1,1,1,1,1,1,1,1,1,1,1,1
"wilt",9,"train","all","IntreesSTEL",0.993801652892562,0.993801652892562,0.5,0.996891191709845,0.993490390576565,0.993490390576565,0.5,0.996734566941378,1,1,1,1
"wilt",9,"train","covered","IntreesSTEL",0.993738819320215,0.993738819320215,0.5,0.996859578286227,0.993435448577681,0.993435448577681,0.5,0.996706915477497,1,1,1,1
"wilt",9,"train","notcovered","IntreesSTEL",1,1,1,1,1,1,1,1,1,1,1,1
"wilt",9,"test","all","IntreesSTEL",0.993108201240524,0.993108201240524,0.5,0.996542185338866,0.992769342010123,0.992769342010123,0.5,0.996371552975327,1,1,1,1
"wilt",9,"test","covered","IntreesSTEL",0.993050729673384,0.993050729673384,0.5,0.996513249651325,0.992716678805535,0.992716678805535,0.5,0.996345029239766,1,1,1,1
"wilt",9,"test","notcovered","IntreesSTEL",1,1,1,1,1,1,1,1,1,1,1,1
"wilt",10,"train","all","PreSelectedRules",0.996753246753247,0.892113095238095,0.90651481591678,0.899181669394435,0.997834158415842,0.957554031587697,0.907095394926908,0.930826782607632,0.974358974358974,0.5,0.974358974358974,0.987012987012987
"wilt",10,"train","covered","PreSelectedRules",0.996753246753247,0.892113095238095,0.90651481591678,0.899181669394435,0.997834158415842,0.957554031587697,0.907095394926908,0.930826782607632,0.974358974358974,0.5,0.974358974358974,0.987012987012987
"wilt",10,"train","notcovered","PreSelectedRules",NA,NA,NA,NA,NA,NA,NA,NA,NA,NA,NA,NA
"wilt",10,"test","all","PreSelectedRules",0.998621640248105,0.9371534996535,0.9371534996535,0.9371534996535,0.999275887038378,0.999636098981077,0.9375,0.966484649921126,0.985714285714286,0.5,0.985714285714286,0.992805755395683
"wilt",10,"test","covered","PreSelectedRules",0.998620689655172,0.937153259361997,0.937153259361997,0.937153259361997,0.999275362318841,0.999635833940277,0.9375,0.966484517304189,0.985714285714286,0.5,0.985714285714286,0.992805755395683
"wilt",10,"test","notcovered","PreSelectedRules",1,1,1,1,1,1,1,1,NA,NA,NA,NA
"wilt",10,"train","all","OptimalRules",0.992030696576151,0.992030696576151,0.5,0.995999407319603,0.99164603960396,0.99164603960396,0.5,0.995805499456268,1,1,1,1
"wilt",10,"train","covered","OptimalRules",0.993365500603136,0.993365500603136,0.5,0.996671709531014,0.993053362803915,0.993053362803915,0.5,0.996514575411914,1,1,1,1
"wilt",10,"train","notcovered","OptimalRules",0.930555555555556,0.930555555555556,0.5,0.964028776978417,0.923076923076923,0.923076923076923,0.5,0.96,1,1,1,1
"wilt",10,"test","all","OptimalRules",0.994486560992419,0.994486560992419,0.5,0.997235659986178,0.994207096307024,0.994207096307024,0.5,0.997095134350036,1,1,1,1
"wilt",10,"test","covered","OptimalRules",0.995087719298246,0.995087719298246,0.5,0.997537812170243,0.994845360824742,0.994845360824742,0.5,0.997416020671835,1,1,1,1
"wilt",10,"test","notcovered","OptimalRules",0.961538461538462,0.961538461538462,0.5,0.980392156862745,0.956521739130435,0.956521739130435,0.5,0.977777777777778,1,1,1,1
"wilt",10,"train","all","OPTSTEL",0.992030696576151,0.992030696576151,0.5,0.995999407319603,0.99164603960396,0.99164603960396,0.5,0.995805499456268,1,1,1,1
"wilt",10,"train","covered","OPTSTEL",0.99929676511955,0.99929676511955,0.5,0.999648258881463,0.999281092739037,0.999281092739037,0.5,0.999640417116145,1,1,1,1
"wilt",10,"train","notcovered","OPTSTEL",0.954044117647059,0.954044117647059,0.5,0.976481655691439,0.944444444444444,0.944444444444444,0.5,0.971428571428571,1,1,1,1
"wilt",10,"test","all","OPTSTEL",0.994486560992419,0.994486560992419,0.5,0.997235659986178,0.994207096307024,0.994207096307024,0.5,0.997095134350036,1,1,1,1
"wilt",10,"test","covered","OPTSTEL",0.999205718824464,0.999205718824464,0.5,0.999602701628923,0.999182338511856,0.999182338511856,0.5,0.99959100204499,1,1,1,1
"wilt",10,"test","notcovered","OPTSTEL",0.963541666666667,0.963541666666667,0.5,0.981432360742706,0.955696202531646,0.955696202531646,0.5,0.977346278317152,1,1,1,1
"wilt",10,"train","all","IntreesRRFVote",0.980814639905549,0.599456603489771,0.733153713070405,0.637995512341062,0.98855198019802,0.678365317758309,0.737152597215,0.703459032938802,0.82051282051282,0.5,0.82051282051282,0.901408450704225
"wilt",10,"train","covered","IntreesRRFVote",0.979146615335258,0.599269673272191,0.732488313556275,0.637566568219344,0.987525286581254,0.678166477057262,0.736827845198039,0.703197050956465,0.814569536423841,0.5,0.814569536423841,0.897810218978102
"wilt",10,"train","notcovered","IntreesRRFVote",1,1,1,1,1,1,1,1,1,1,1,1
"wilt",10,"test","all","IntreesRRFVote",0.984838042729152,0.61468286099865,0.868069993069993,0.672635162851752,0.993482983345402,0.730038236617184,0.872450837581937,0.784072549121801,0.814285714285714,0.5,0.814285714285714,0.897637795275591
"wilt",10,"test","covered","IntreesRRFVote",0.98364312267658,0.614626465270893,0.867520568436799,0.672329021970234,0.992957746478873,0.729978716935239,0.872244094488189,0.783939137785292,0.805970149253731,0.5,0.805970149253731,0.892561983471074
"wilt",10,"test","notcovered","IntreesRRFVote",1,1,1,1,1,1,1,1,1,1,1,1
"wilt",10,"train","all","IntreesVote",0.992030696576151,0.992030696576151,0.5,0.995999407319603,0.99164603960396,0.99164603960396,0.5,0.995805499456268,1,1,1,1
"wilt",10,"train","covered","IntreesVote",0.994111874386654,0.994111874386654,0.5,0.997047244094488,0.993865030674847,0.993865030674847,0.5,0.996923076923077,1,1,1,1
"wilt",10,"train","notcovered","IntreesVote",0.972809667673716,0.972809667673716,0.5,0.986217457886677,0.969798657718121,0.969798657718121,0.5,0.984667802385009,1,1,1,1
"wilt",10,"test","all","IntreesVote",0.994486560992419,0.994486560992419,0.5,0.997235659986178,0.994207096307024,0.994207096307024,0.5,0.997095134350036,1,1,1,1
"wilt",10,"test","covered","IntreesVote",0.996971990915973,0.996971990915973,0.5,0.998483699772555,0.996842936069455,0.996842936069455,0.5,0.998418972332016,1,1,1,1
"wilt",10,"test","notcovered","IntreesVote",0.969230769230769,0.969230769230769,0.5,0.984375,0.964912280701754,0.964912280701754,0.5,0.982142857142857,1,1,1,1
"wilt",10,"train","all","IntreesSTEL",0.992030696576151,0.992030696576151,0.5,0.995999407319603,0.99164603960396,0.99164603960396,0.5,0.995805499456268,1,1,1,1
"wilt",10,"train","covered","IntreesSTEL",0.994111874386654,0.994111874386654,0.5,0.997047244094488,0.993865030674847,0.993865030674847,0.5,0.996923076923077,1,1,1,1
"wilt",10,"train","notcovered","IntreesSTEL",0.972809667673716,0.972809667673716,0.5,0.986217457886677,0.969798657718121,0.969798657718121,0.5,0.984667802385009,1,1,1,1
"wilt",10,"test","all","IntreesSTEL",0.994486560992419,0.994486560992419,0.5,0.997235659986178,0.994207096307024,0.994207096307024,0.5,0.997095134350036,1,1,1,1
"wilt",10,"test","covered","IntreesSTEL",0.996971990915973,0.996971990915973,0.5,0.998483699772555,0.996842936069455,0.996842936069455,0.5,0.998418972332016,1,1,1,1
"wilt",10,"test","notcovered","IntreesSTEL",0.969230769230769,0.969230769230769,0.5,0.984375,0.964912280701754,0.964912280701754,0.5,0.982142857142857,1,1,1,1
