"data","abl_model","iter","mean_rules_nbr","std_rules_nbr","SE_rules_nbr","mean_cumul_conf","std_cumul_conf","SE_cumul_conf","mean_cumul_support","std_cumul_support","SE_cumul_support","mean_cumul_class_support","std_cumul_class_support","SE_cumul_class_support","mean_cumul_var_length","std_cumul_var_length","SE_cumul_var_length","mean_cumul_var_nbr_scaled","std_cumul_var_nbr_scaled","SE_cumul_var_nbr_scaled","mean_cumul_levels_length","std_cumul_levels_length","SE_cumul_cumul_levels_length","mean_cumul_levels_nbr_scaled","std_cumul_levels_nbr_scaled","SE_cumul_cumul_levels_nbr_scaled"
"ANNEAL","abl_acc",1,10.2,0.918936583472682,0.290593262902712,9.14011198816963,0.996501977837161,0.315121594282806,1.39825119236884,0.12320489352398,0.0389608082414306,4.31507237732163,0.338073777349261,0.106908315360031,40.8,3.39280283999986,1.07289846262874,6.8,0.565467139999976,0.178816410438123,88.3,13.0558628805436,4.12862635213645,4.61637009189641,0.777568978142671,0.245888900882052
"ANNEAL","abl_conf",1,12.4,1.26491106406735,0.4,11.2392313848709,1.1208986321775,0.35445927038482,1.36772655007949,0.220809673201719,0.0698261496714876,4.87096930147284,0.441289248851006,0.139547913331402,45.7,4.80855718716355,1.52059929706094,7.61666666666666,0.801426197860591,0.253433216176823,100.7,15.3626531273446,4.85809747855177,5.26034670008354,0.888344578713871,0.280919221579856
"ANNEAL","abl_length",1,12.4,1.26491106406735,0.4,11.4583832896594,1.18095389687861,0.373450412578801,1.35055643879173,0.226588659681378,0.0716536256557918,4.85733761923983,0.452720761745903,0.143162875116348,49,6.34209919681348,2.00554786086551,8.16666666666667,1.05701653280225,0.334257976810918,106.7,17.2951502515076,5.46920672695979,5.56828320802005,0.94766651893079,0.299678466210437
"ANNEAL","abl_max_cov",1,12.4,1.26491106406735,0.4,11.4355110434416,1.18125207351673,0.373544704310952,1.35850556438792,0.227654531635169,0.0719906839625989,4.85288994745985,0.443973881621973,0.140396868755141,47.4,6.41525958598368,2.02868320729372,7.9,1.06920993099728,0.338113867882287,104.1,16.9800536578134,5.36956443505637,5.43404761904762,0.942911648100025,0.298174844029926
"ANNEAL","abl_min_cov",1,1,0,0,0.997506160972756,0.0034060020269811,0.00107707241204106,0.425755166931638,0.0420280860785115,0.013290447770571,0.559081419624217,0.0551892821365004,0.0174523833980985,5.2,1.03279555898864,0.32659863237109,0.866666666666667,0.172132593164774,0.0544331053951817,14.1,3.38132124077754,1.06926766215636,0.73922305764411,0.195054865261825,0.0616817642924622
"ANNEAL","abl_mod",1,12.4,1.26491106406735,0.4,11.4386360434416,1.18645622555436,0.375190401683824,1.35993640699523,0.22957329170682,0.0725974491735794,4.85476886186486,0.446809869349839,0.141293686818775,47.6,6.80196050169851,2.15096877398689,7.93333333333333,1.13366008361642,0.358494795664482,105.1,18.4237165993546,5.82609074194123,5.48510025062657,1.00667358996135,0.318338140461629
"ANNEAL","abl_overlap",1,12.4,1.26491106406735,0.4,11.4353945377646,1.18105920867179,0.373483715091895,1.38012718600954,0.246146884305648,0.07783847933598,4.87383938923166,0.468693300664259,0.148213835416117,47.3,6.27251500153204,1.98354340624158,7.88333333333333,1.045419166922,0.330590567706929,103.9,16.8750308641693,5.33635331164145,5.42404761904762,0.94089501769526,0.297537129502145
"ANNEAL","abl_preselect",1,11.1,0.994428926011753,0.31446603773522,10.3185336597259,1.02728377430587,0.324855653014091,1.29507154213037,0.151865427261036,0.0480240647979499,4.73806641187024,0.416138296119123,0.131594483735804,42.7,4.78539444560216,1.51327459504216,3.12417582417583,0.400669648375783,0.126702867816626,91,9.0921211313239,2.87518115371304,3.23062214924284,0.333545309610024,0.105476288123373
"ANNEAL","abl_supp",1,12.4,1.26491106406735,0.4,11.4663138525861,1.18011373514572,0.373184730110916,1.23243243243243,0.159920918883306,0.0505714349178277,4.74110422880583,0.371497455622197,0.117477810472347,46.5,5.62237593114433,1.77795138041261,7.75,0.937062655190721,0.296325230068768,98.6,13.3099795475258,4.20898509804389,5.14763157894737,0.765167309319553,0.241967148855237
"ANNEAL","no_abl",1,12.1,1.66332999331662,0.525991127935317,11.1513005171258,1.52615544265782,0.48261272622612,1.35325914149444,0.236180220856382,0.0746867436187771,4.74419429528594,0.557859361191658,0.176410619541218,46.3,7.84644293082328,2.48126311919286,7.71666666666667,1.30774048847055,0.413543853198809,102,20.4178571081514,6.45669334016174,5.32352130325815,1.11094316613491,0.351311075598516
"APPENDICITIS","abl_acc",1,2.9,0.316227766016838,0.1,2.55593766229025,0.305731233371744,0.0966807049307191,1.16756756756757,0.197295240435204,0.0623902331285794,1.92677966101695,0.2944763710553,0.0931216049635629,5.5,1.17851130197758,0.372677996249965,0.916666666666666,0.196418550329596,0.0621129993749941,13.5,4.67261525629206,1.47761068395343,0.757532679738562,0.271825286699108,0.0859587031597453
"APPENDICITIS","abl_conf",1,6.1,0.875595035770913,0.276887462097269,5.72452234809695,0.753367309014758,0.238235661119854,1.57432432432432,0.155421725216992,0.0491486649558523,2.68056497175141,0.249492190697549,0.0788963581029329,17.7,3.88873015549064,1.22972444971311,2.95,0.648121692581773,0.204954074952186,44.7,12.436952109652,3.93290958169366,2.47388888888889,0.632498692151535,0.200013648427652
"APPENDICITIS","abl_length",1,6.1,0.875595035770913,0.276887462097269,5.93462880074548,0.875722634849633,0.276927812468878,1.52162162162162,0.197398057285393,0.0624227466714235,2.6045197740113,0.299872709532078,0.0948280770247451,18.6,3.9496835316263,1.24899959967968,3.1,0.658280588604384,0.208166599946613,47,10.4880884817015,3.3166247903554,2.59926587301587,0.49146335007269,0.155414357272638
"APPENDICITIS","abl_max_cov",1,6.1,0.875595035770913,0.276887462097269,5.92470816582484,0.867085428836735,0.274196488106793,1.5472972972973,0.241506143004688,0.0763709480817156,2.64666666666667,0.349611186726082,0.110556764552885,18,3.91578004149024,1.23827837473378,3,0.652630006915041,0.206379729122297,45.7,10.1767709351575,3.21817753808995,2.52982142857143,0.487573382115878,0.154184241395778
"APPENDICITIS","abl_min_cov",1,1,0,0,0.969437087756552,0.0194601839398632,0.00615385049357968,0.6,0.0428283399063232,0.0135435102507864,0.752542372881356,0.0537169008994563,0.0169867755687829,1.6,0.699205898780101,0.221108319357027,0.266666666666667,0.11653431646335,0.0368513865595044,3.6,2.63312235441753,0.832666399786453,0.203943744164332,0.1507424856163,0.0476689594702679
"APPENDICITIS","abl_mod",1,6.1,0.875595035770913,0.276887462097269,5.92748594360262,0.86704017453459,0.274182177439923,1.52567567567568,0.198244261641442,0.0626903399845306,2.60463276836158,0.296112493130082,0.093638992192202,18.3,3.94546152771341,1.24766448481419,3.05,0.657576921285569,0.207944080802366,46.6,10.543033508225,3.33399993334666,2.58014822595705,0.513224187477499,0.162295738271816
"APPENDICITIS","abl_overlap",1,6.1,0.875595035770913,0.276887462097269,5.89288829651321,0.897450173567985,0.283798663498827,1.6472972972973,0.313537458959218,0.0991492502092694,2.81186440677966,0.491550460792013,0.155441904100805,17.6,4.11501316320292,1.30128141972954,2.93333333333333,0.685835527200488,0.21688023662159,43.9,10.9082028258045,3.44947661086271,2.42634920634921,0.523702542612675,0.165609285107744
"APPENDICITIS","abl_preselect",1,6,1.05409255338946,0.333333333333333,5.83194553006879,1.03408282326438,0.327005701077279,1.47432432432432,0.239921428850679,0.0758698174650179,2.56011299435028,0.320343821200778,0.10130161093562,17.8,4.63800723491362,1.46666666666667,2.54285714285714,0.662572462130517,0.209523809523809,43.9,13.7311486935524,4.34217047620708,2.24454150081085,0.62253931648979,0.196864217311215
"APPENDICITIS","abl_supp",1,6.1,0.875595035770913,0.276887462097269,5.94433565269181,0.864860370126335,0.273492862761546,1.31891891891892,0.203272472500471,0.0642803998715431,2.35525423728814,0.307506234978578,0.0972420097235245,17.7,4.13790070231539,1.3085190950927,2.95,0.689650117052566,0.218086515848784,41.6,10.8443533693808,3.42928563989645,2.30686274509804,0.555323651884834,0.175608757851853
"APPENDICITIS","no_abl",1,6.1,0.875595035770913,0.276887462097269,5.92748594360262,0.86704017453459,0.274182177439923,1.52567567567568,0.198244261641442,0.0626903399845306,2.60463276836158,0.296112493130082,0.093638992192202,18.3,3.94546152771341,1.24766448481419,3.05,0.657576921285569,0.207944080802366,46.3,10.4355162785557,3.3,2.56315476190476,0.504836975691094,0.159643469025491
"AUTO","abl_acc",1,11.2,0.632455532033676,0.2,9.93765828864249,0.716374839582718,0.226537615151914,1.33146853146853,0.114632238936031,0.0362498968322495,6.21851097763752,0.406398905686484,0.128514618056924,47.1,3.8715486421959,1.22429117814713,7.85,0.64525810703265,0.204048529691189,182.2,21.5293081893291,6.80816503259954,5.27494403064256,0.498219697144057,0.157550901813451
"AUTO","abl_conf",1,18.8,1.13529242439509,0.3590109871423,18.2340935679169,1.19502732089631,0.377900820016126,1.48321678321678,0.104996066408399,0.0332026715208835,8.04251213139231,0.580984470550563,0.18372342121268,79.3,7.08754776585903,2.24127939653523,13.2166666666667,1.1812579609765,0.373546566089205,284.5,31.3767429794745,9.92219733728371,8.2764391587921,1.14084843960879,0.360767953421283
"AUTO","abl_length",1,18.8,1.13529242439509,0.3590109871423,18.4871445589714,1.16752654848149,0.369204312191651,1.44965034965035,0.124923023336805,0.0395041285938672,7.94808951779836,0.56908203780948,0.179959541496802,83.6,6.97933457509461,2.20705938096625,13.9333333333333,1.16322242918243,0.367843230161041,297.7,27.1704496343607,8.59205058954691,8.64829764829765,0.909678381033545,0.287665562228052
"AUTO","abl_max_cov",1,18.8,1.13529242439509,0.3590109871423,18.5106457117139,1.21501176921524,0.3842204574631,1.41468531468532,0.132357013629202,0.0418549627366226,7.78690759781465,0.582394564877923,0.184169332191694,80.2,5.11642236115997,1.61795481326821,13.3666666666667,0.85273706019333,0.269659135544702,288.5,20.7859461068183,6.57309330190554,8.38040180220327,0.737938795750598,0.233356736837367
"AUTO","abl_min_cov",1,1,0,0,1,0,0,0.174125874125874,0.0358777532089882,0.0113455417469818,0.55498320268757,0.122105779842698,0.0386132379774002,3.5,0.707106781186548,0.223606797749979,0.583333333333333,0.117851130197758,0.0372677996249966,14.2,4.68567557088149,1.48174071805952,0.408889373521726,0.128632455927443,0.0406771541751947
"AUTO","abl_mod",1,18.8,1.13529242439509,0.3590109871423,18.484185453281,1.23734454644428,0.391282701715193,1.42377622377622,0.116652635564145,0.0368888023444259,7.91136991414707,0.502118806468391,0.15878390844454,79.9,6.36745195855018,2.01356510807186,13.3166666666667,1.0612419930917,0.335594184678644,294.4,22.1520001605072,7.00507752356182,8.55860324514736,0.852448722155083,0.26956795505101
"AUTO","abl_overlap",1,18.8,1.13529242439509,0.3590109871423,18.484185453281,1.23734454644428,0.391282701715193,1.40769230769231,0.124443654633456,0.0393525388997088,7.79488818758696,0.554579415534422,0.175373409653374,79.3,5.8319045869348,1.84421015914974,13.2166666666667,0.971984097822467,0.30736835985829,287,23.2426810463471,7.34998110352824,8.33892994073141,0.818611527979366,0.258867694728545
"AUTO","abl_preselect",1,18.1,0.994428926011753,0.31446603773522,17.7814403474042,0.993788196294929,0.314263421208248,1.39090909090909,0.129887248374418,0.0410739543875164,7.79012250161186,0.747852338406939,0.236491674284895,84.4,8.05812219647564,2.54820198048219,7.35576923076924,0.729952130543827,0.230831131541106,294.2,30.1249250805892,9.52633775965933,6.4557156448203,0.729066892522904,0.230551194699356
"AUTO","abl_supp",1,18.8,1.13529242439509,0.3590109871423,18.5434200541809,1.22037639125195,0.385916899905295,1.23776223776224,0.0795278420010816,0.0251489118121421,7.04521972242017,0.468048042334989,0.148009786816148,79.3,5.45791983166562,1.72594579546662,13.2166666666667,0.909653305277604,0.287657632577769,279.5,21.7677130937849,6.88355528294306,8.12359918742272,0.810317184436864,0.256244792999523
"AUTO","no_abl",1,18.8,1.13529242439509,0.3590109871423,18.484185453281,1.23734454644428,0.391282701715193,1.40769230769231,0.124443654633456,0.0393525388997088,7.79488818758696,0.554579415534422,0.175373409653374,79.3,5.8319045869348,1.84421015914974,13.2166666666667,0.971984097822467,0.30736835985829,287,23.2426810463471,7.34998110352824,8.33892994073141,0.818611527979366,0.258867694728545
"BANANA","abl_acc",1,4,0,0,2.54687754096058,0.016118510315837,0.00509712050869649,0.981482479784366,0.00136880759379063,0.000432854967491294,2.01954640218251,0.001814405311412,0.000573765338276901,4,0,0,2,0,0,4,0,0,0.82,0.0632455532033676,0.02
"BANANA","abl_conf",1,7,0,0,5.11722311230406,0.244541912643809,0.0773309427328365,1.3199730458221,0.187462531846134,0.0592808576575632,2.64234708640396,0.371649761213238,0.117525973729153,13.2,0.632455532033676,0.2,6.6,0.316227766016838,0.1,23,2.44948974278318,0.774596669241484,4.695,0.40169778579314,0.127027993415275
"BANANA","abl_length",1,7,0,0,5.65976021890496,0.079766635354848,0.0252244249009433,1.00428571428571,0.0109314617204616,0.00345683171916014,2.04302972156722,0.0397497394206072,0.01256997129673,13.4,0.516397779494322,0.163299316185545,6.7,0.258198889747161,0.0816496580927726,21.6,2.27058484879019,0.7180219742846,4.42,0.484882574559151,0.153333333333333
"BANANA","abl_max_cov",1,7,0,0,5.65976021890496,0.079766635354848,0.0252244249009433,1.00428571428571,0.0109314617204616,0.00345683171916014,2.04302972156722,0.0397497394206072,0.01256997129673,13.4,0.516397779494322,0.163299316185545,6.7,0.258198889747161,0.0816496580927726,21.6,2.27058484879019,0.7180219742846,4.42,0.484882574559151,0.153333333333333
"BANANA","abl_min_cov",1,1,0,0,0.926795745031286,0.00461465887370081,0.00145928326656018,0.178274932614555,0.00363898039618302,0.00115074664126403,0.323106985832926,0.00659531864672142,0.00208562288182191,2,0,0,1,0,0,3,0,0,0.615,0.0474341649025257,0.015
"BANANA","abl_mod",1,7,0,0,5.65946002368213,0.0856392061793572,0.0270814948535535,1.00951482479784,0.00617538980915201,0.00195282972363129,2.06097852011112,0.0168817786510386,0.0053384871492087,13.4,0.516397779494322,0.163299316185545,6.7,0.258198889747161,0.0816496580927726,22.2,2.65832027165025,0.840634680861233,4.54,0.533749837366616,0.168786518682295
"BANANA","abl_overlap",1,7,0,0,5.65976021890496,0.079766635354848,0.0252244249009433,1.00428571428571,0.0109314617204616,0.00345683171916014,2.04302972156722,0.0397497394206072,0.01256997129673,13.4,0.516397779494322,0.163299316185545,6.7,0.258198889747161,0.0816496580927726,21.6,2.27058484879019,0.7180219742846,4.42,0.484882574559151,0.153333333333333
"BANANA","abl_preselect",1,6.8,0.421637021355784,0.133333333333333,5.46930534931589,0.415090810978036,0.131263239849702,0.997628032345013,0.0150674684875992,0.00476475189936261,2.0281206441176,0.0498704430518729,0.0157704187965637,13.1,0.994428926011753,0.31446603773522,6.55,0.497214463005877,0.15723301886761,21.5,2.22361067735439,0.703167436990966,4.4,0.480740170061865,0.152023390013218
"BANANA","abl_supp",1,7,0,0,5.66206922833824,0.0819825311026408,0.025925152662994,1.00194070080863,0.00878557360106234,0.00277824231304045,2.04514169570711,0.0410402497408574,0.0129780664923245,13.4,0.516397779494322,0.163299316185545,6.7,0.258198889747161,0.0816496580927726,21.6,2.01108041719978,0.635959467611297,4.42,0.436653943835008,0.138082101181387
"BANANA","no_abl",1,7,0,0,5.65976021890496,0.079766635354848,0.0252244249009433,1.00428571428571,0.0109314617204616,0.00345683171916014,2.04302972156722,0.0397497394206072,0.01256997129673,13.4,0.516397779494322,0.163299316185545,6.7,0.258198889747161,0.0816496580927726,21.6,2.27058484879019,0.7180219742846,4.42,0.484882574559151,0.153333333333333
"BANKNOTE","abl_acc",1,7.5,0.52704627669473,0.166666666666667,7.11641427801069,0.586083605890223,0.185335909389758,1.1946875,0.144359658943907,0.0456505324507844,2.36872767376566,0.283723763430002,0.0897213318753595,18.8,1.22927259430572,0.38873012632302,4.7,0.30731814857643,0.0971825315807551,35.4,3.50238014308365,1.10754984838908,2.95,0.291865011923638,0.0922958206990898
"BANKNOTE","abl_conf",1,7.9,0.567646212197547,0.17950549357115,7.58524538018748,0.591028170467297,0.186899517999892,1.28604166666667,0.122573083830136,0.0387610124733987,2.54607607506448,0.243812461150574,0.077100269916713,19,1.24721912892465,0.394405318873308,4.75,0.311804782231162,0.0986013297183269,35.2,4.34101882562659,1.37275068546493,2.93333333333333,0.361751568802216,0.114395890455411
"BANKNOTE","abl_length",1,7.9,0.567646212197547,0.17950549357115,7.61257567408124,0.5936962885766,0.187743251029066,1.2821875,0.124925180154259,0.0395048106394324,2.53969313373552,0.24670747261879,0.0780157529259003,19.4,1.34989711542111,0.42687494916219,4.85,0.337474278855277,0.106718737290547,36.5,3.43996124009172,1.08781125813871,3.04166666666667,0.28666343667431,0.0906509381782263
"BANKNOTE","abl_max_cov",1,7.9,0.567646212197547,0.17950549357115,7.61110131510688,0.593453161729408,0.18766636756932,1.28010416666667,0.12447851289926,0.039363562051231,2.5350092929861,0.246298872631992,0.0778865422648805,19.3,1.33749350984926,0.422952584681651,4.825,0.334373377462315,0.105738146170413,35.9,3.84274207652123,1.21518174223721,2.99166666666667,0.320228506376769,0.101265145186434
"BANKNOTE","abl_min_cov",1,1,0,0,1,0,0,0.296979166666667,0.0047214562287236,0.00149305555555555,0.534896810506567,0.00850393617180982,0.0026891807379612,1.8,0.421637021355784,0.133333333333333,0.45,0.105409255338946,0.0333333333333333,3.3,1.25166555703457,0.395811402901264,0.275,0.104305463086214,0.0329842835751053
"BANKNOTE","abl_mod",1,7.9,0.567646212197547,0.17950549357115,7.61257567408124,0.5936962885766,0.187743251029066,1.2821875,0.124925180154259,0.0395048106394324,2.53969313373552,0.24670747261879,0.0780157529259003,19.4,1.34989711542111,0.42687494916219,4.85,0.337474278855277,0.106718737290547,36.5,3.43996124009172,1.08781125813871,3.04166666666667,0.28666343667431,0.0906509381782263
"BANKNOTE","abl_overlap",1,7.9,0.567646212197547,0.17950549357115,7.61110131510688,0.593453161729408,0.18766636756932,1.28010416666667,0.12447851289926,0.039363562051231,2.5350092929861,0.246298872631992,0.0778865422648805,19.3,1.33749350984926,0.422952584681651,4.825,0.334373377462315,0.105738146170413,35.9,3.84274207652123,1.21518174223721,2.99166666666667,0.320228506376769,0.101265145186434
"BANKNOTE","abl_preselect",1,7.9,0.567646212197547,0.17950549357115,7.64067037154646,0.596112836356757,0.188507430535058,1.27677083333333,0.130528818553582,0.0412768366920163,2.53347671920243,0.253478127255066,0.0801568219160012,17.5,1.71593835683117,0.542627353203324,4.375,0.428984589207792,0.135656838300831,30,4.61880215351701,1.46059348668044,2.5,0.38490017945975,0.121716123890037
"BANKNOTE","abl_supp",1,7.9,0.567646212197547,0.17950549357115,7.61666454955098,0.593754886459478,0.187761781306662,1.17354166666667,0.0846612941208804,0.0267722519079405,2.3352056979406,0.17373182215566,0.054938826006319,19.3,1.33749350984926,0.422952584681651,4.825,0.334373377462315,0.105738146170413,32.5,3.27448045073142,1.0354816378006,2.70833333333333,0.272873370894285,0.0862901364833838
"BANKNOTE","no_abl",1,7.9,0.567646212197547,0.17950549357115,7.61110131510688,0.593453161729408,0.18766636756932,1.28010416666667,0.12447851289926,0.039363562051231,2.5350092929861,0.246298872631992,0.0778865422648805,19.3,1.33749350984926,0.422952584681651,4.825,0.334373377462315,0.105738146170413,35.9,3.84274207652123,1.21518174223721,2.99166666666667,0.320228506376769,0.101265145186434
"BRCANCER","abl_acc",1,4.4,0.516397779494322,0.163299316185545,4.26986831499684,0.533863103013189,0.168822336424678,1.30571428571429,0.122145504511193,0.0386258000205742,2.90011981787683,0.36324318636406,0.114867581344745,14.1,2.23358207570013,0.706320670013903,2.35,0.372263679283354,0.117720111668984,87.7,13.1913271171293,4.17146390504714,1.83519123085559,0.285416173448988,0.0902565189148478
"BRCANCER","abl_conf",1,4.8,0.421637021355784,0.133333333333333,4.6444019665717,0.383162082414443,0.121166489344279,1.38755102040816,0.101765842660394,0.0321811850813173,2.92165201201865,0.256030481880361,0.080963947317241,14.8,2.69979423084221,0.85374989832438,2.46666666666667,0.449965705140369,0.14229164972073,89.3,17.8515483299846,5.64515524833266,1.87090740344858,0.403979562436707,0.12774955454582
"BRCANCER","abl_length",1,4.8,0.421637021355784,0.133333333333333,4.70258460166747,0.408849696523161,0.129289626168181,1.39612244897959,0.103595637397244,0.0327598169832208,3.00030046636804,0.27430954802304,0.0867442955684144,16.2,2.85968141193696,0.904310664416702,2.7,0.47661356865616,0.15071844406945,102.4,20.2221001217315,6.39478954566398,2.14380243102483,0.447280554137638,0.141442530417719
"BRCANCER","abl_max_cov",1,4.8,0.421637021355784,0.133333333333333,4.70578642150926,0.410701061312428,0.129875079119573,1.39163265306122,0.105037406099384,0.0332157442790117,3.04836402514332,0.308690060674154,0.0976163682785899,15.3,2.71006354989038,0.856997342145496,2.55,0.451677258315063,0.142832890357583,95.5,19.1035191638725,6.04106318825126,1.9988695665747,0.420880424005051,0.133094076243337
"BRCANCER","abl_min_cov",1,1,0,0,0.9962503149991,0.00521648349276092,0.0016495969213795,0.597959183673469,0.0126171680210825,0.00398989885676601,0.912772585669782,0.0192598514963567,0.00609049981250892,3,0.471404520791032,0.149071198499986,0.5,0.0785674201318388,0.0248451997499977,11.1,3.10733898304571,0.982626864865578,0.232091417510575,0.0648579278119959,0.0205098776204688
"BRCANCER","abl_mod",1,4.8,0.421637021355784,0.133333333333333,4.70532841853004,0.410455115832511,0.129797304329897,1.38489795918367,0.098515991227607,0.0311534918228406,3.01903076554407,0.273369804272432,0.0864471225015315,15.6,2.95145914949049,0.933333333333333,2.6,0.491909858248415,0.155555555555556,97.4,20.1615696038004,6.37564811520279,2.03782949837351,0.441576278887726,0.139638680198694
"BRCANCER","abl_overlap",1,4.3,0.483045891539648,0.152752523165195,4.2246837946751,0.476177800058473,0.150580641939304,1.79020408163265,0.299512615647983,0.0947142053402216,3.4777341517816,0.43343549042697,0.137064336850133,15,1.76383420737639,0.557773351022717,2.5,0.293972367896065,0.0929622251704528,92.7,15.2901566011892,4.83517206404166,1.93568754276302,0.306116514153374,0.0968025414115832
"BRCANCER","abl_preselect",1,4.2,0.421637021355784,0.133333333333333,4.1063970605148,0.434008504615027,0.137245539846718,1.35040816326531,0.0790349141498931,0.0249930343389533,3.0008460985456,0.222433978099653,0.0703397999806914,13.2,1.93218356615859,0.611010092660779,1.86369047619048,0.270256012971481,0.085462455234589,85.8,14.5968033030067,4.615914499497,1.61995060340241,0.260972819350447,0.0825268516543077
"BRCANCER","abl_supp",1,4.8,0.421637021355784,0.133333333333333,4.715996079309,0.415066238112232,0.131255469227244,1.28877551020408,0.0936912772880326,0.0296277833120587,2.86025364522848,0.268035237528577,0.0847601843774545,15.2,2.82055944017416,0.891939210683977,2.53333333333333,0.470093240029026,0.148656535113996,92,22.0907220343745,6.98569967862919,1.92208041890824,0.465506931749837,0.147206217092604
"BRCANCER","no_abl",1,4.8,0.421637021355784,0.133333333333333,4.70538020884499,0.410478173821858,0.129804595906357,1.38224489795918,0.0969431912110414,0.0306561287872108,3.01133845785176,0.264685601789338,0.0837009365506647,15.5,2.99072640748773,0.945750730607407,2.58333333333333,0.498454401247955,0.157625121767901,96.3,20.5429090226071,6.49623822770618,2.01626087092253,0.455075490878966,0.143907505849671
"CAR","abl_acc",1,22.7,2.05750658160146,0.650640709864771,21.1497253525554,1.9554579336224,0.618370093889314,1.33404958677686,0.0380061470233387,0.0120185989680979,4.65244536792339,0.221623941890016,0.0700836440397252,99.2,12.5326240934078,3.96316371938716,16.5333333333333,2.08877068223464,0.660527286564526,165,23.828088000882,7.53510303697154,13.1333333333333,2.13223411235348,0.674271629974438
"CAR","abl_conf",1,28.2,4.21109645262767,1.33166562369588,26.9494253398695,4.00154023719696,1.26539812983528,1.3799173553719,0.0906491399857253,0.0286657750290335,5.20876762400972,0.537353573732159,0.169926120182485,129.5,22.7119645414775,7.18215380880508,21.5833333333333,3.78532742357959,1.19702563480085,211.7,37.3275293107439,11.8040012048646,16.8608974358974,3.17808398006604,1.00499839723018
"CAR","abl_length",1,28.2,3.8815804341359,1.22746350930146,27.2709608116954,3.69638218962615,1.1688986821699,1.37685950413223,0.087471529698339,0.0276609264265812,5.12108164425707,0.411406939529352,0.130098297411191,132.4,20.9507358661536,6.62520439936258,22.0666666666667,3.49178931102559,1.1042007332271,220.6,33.8040102814904,10.6897666537259,17.5403846153846,2.78940703425419,0.882087954953855
"CAR","abl_max_cov",1,28.6,3.06231575409489,0.968389269755597,27.6933281879423,2.89381819334297,0.915105662539729,1.55082644628099,0.0784821845113536,0.0248182458801466,5.41932188860407,0.361744254303993,0.114393577407979,130.2,17.3832614252268,5.49706992658614,21.7,2.8972102375378,0.91617832109769,217.3,29.5486416307454,9.34410093172276,17.2852564102564,2.50414815838109,0.79188117790003
"CAR","abl_min_cov",1,1,0,0,1,0,0,0.337851239669421,0.004955615828489,0.00156710332268076,0.482644628099174,0.00707945118355566,0.00223871903240107,1,0,0,0.166666666666667,0,0,1,0,0,0.0794871794871794,0.00331024217624565,0.00104679048836888
"CAR","abl_mod",1,28.8,3.22490309931942,1.01980390271856,27.8561236118582,3.04403913431143,0.962609695111134,1.3999173553719,0.0430800620932279,0.0136231117956081,5.27531714248694,0.37586742055352,0.118859714720151,135,18.9678089872757,5.9981478622803,22.5,3.16130149787929,0.99969131038005,225.6,31.5636922217073,9.98131587851355,17.9551282051282,2.72983779575215,0.863250507739032
"CAR","abl_overlap",1,28.8,3.22490309931942,1.01980390271856,27.8457477675406,3.05157700302428,0.964993378494726,1.4003305785124,0.0359547932271605,0.0113699039398223,5.19267651019482,0.318569774381407,0.10074060807312,134.6,19.0216251204313,6.01516601784375,22.4333333333333,3.17027085340521,1.00252766964062,223.5,30.8157607582729,9.74479918269797,17.7878205128205,2.67141952963387,0.84477702994987
"CAR","abl_preselect",1,25.5,1.17851130197758,0.372677996249965,24.5427623841371,1.10331550457269,0.348898997222761,1.3403305785124,0.0355613132722461,0.0112454746527073,4.76567159263686,0.240068940345366,0.0759164646954447,113.9,7.27934673503666,2.30193155608261,18.9833333333333,1.21322445583944,0.383655259347101,185.1,12.6618411861081,4.00402575194294,14.7262820512821,1.34177843398761,0.424307596669473
"CAR","abl_supp",1,28.1,4.06748625620843,1.28625209210498,27.1948665356011,3.83903796055071,1.21401039791879,1.31487603305785,0.0694641086533357,0.0219664798977952,4.74241934536412,0.411787447992072,0.130218624752308,131.3,22.3609282256151,7.07114637884913,21.8833333333333,3.72682137093585,1.17852439647485,215.5,34.1833292702744,10.8097178501569,17.1301282051282,2.80219226412715,0.886130999634594
"CAR","no_abl",1,28,4.66666666666667,1.47572957474524,27.0864779115871,4.45160533862151,1.40772121142091,1.37388429752066,0.100997311152878,0.0319381540795821,5.05117096467775,0.596190477171633,0.188531982716498,130.9,25.3659877263499,8.02142963151416,21.8166666666667,4.22766462105831,1.33690493858569,217.4,41.8175933204089,13.2238841159136,17.3185897435897,3.53353176814923,1.11740085719136
"CRYOTHERAPY","abl_acc",1,4.3,0.674948557710553,0.213437474581095,3.81862808683614,0.691745530127701,0.218749143644416,1.33809523809524,0.152073838075395,0.0480899700841886,2.647261663286,0.293652068299064,0.0928609375444369,9.7,2.16281709300111,0.683942817622773,1.61666666666667,0.360469515500185,0.113990469603795,28,8.48528137423857,2.68328157299975,1.15095076179859,0.353635072827668,0.111829229065495
"CRYOTHERAPY","abl_conf",1,7.4,0.843274042711568,0.266666666666667,7.04370143044763,0.933121294443966,0.295078862364756,1.47936507936508,0.173686869336248,0.0549246106766602,2.95111561866126,0.348821414091252,0.110307016516911,20.6,3.59629438913631,1.13724814061547,3.43333333333333,0.599382398189386,0.189541356769244,57.9,9.12201244852862,2.88463361817599,2.37376821728996,0.355178509534688,0.112317306607345
"CRYOTHERAPY","abl_length",1,7.4,0.843274042711568,0.266666666666667,7.19261611655272,0.896667889431604,0.283551283533989,1.43809523809524,0.12812538300669,0.0405168036382574,2.86298174442191,0.253923749327759,0.0802977399885367,21.3,3.94546152771341,1.24766448481419,3.55,0.657576921285569,0.207944080802366,61.1,11.4061386980871,3.60693775937429,2.49999898652073,0.413780815880452,0.1308489830265
"CRYOTHERAPY","abl_max_cov",1,7.4,0.843274042711568,0.266666666666667,7.20420702564362,0.904642035153563,0.286072929821537,1.41904761904762,0.138013111868471,0.0436435780471985,2.82718052738337,0.275656998642524,0.087170396867632,20.2,4.02216083439956,1.27191893522259,3.36666666666667,0.670360139066594,0.211986489203766,56.9,10.6191650644797,3.35807484530447,2.32578995642039,0.35672995324328,0.112807916185414
"CRYOTHERAPY","abl_min_cov",1,1,0,0,0.978625730994152,0.0276371908311215,0.00873964711550658,0.271428571428571,0.0312572602915174,0.00988441359379336,0.54604462474645,0.0726711940102624,0.0229806493356415,2.2,0.632455532033676,0.2,0.366666666666667,0.105409255338946,0.0333333333333333,6.5,4.08928138212843,1.29314431608472,0.270140445705663,0.173904098194609,0.0549933044732539
"CRYOTHERAPY","abl_mod",1,7.4,0.843274042711568,0.266666666666667,7.20545702564363,0.90399406262945,0.285868022917796,1.41428571428572,0.120989453969267,0.0382602247402982,2.81784989858012,0.240300770510062,0.0759897758305218,20.4,3.89301368550838,1.23107902084129,3.4,0.648835614251397,0.205179836806882,57.7,10.2312158504147,3.23539453201272,2.35912328975372,0.341393608760336,0.107958138230708
"CRYOTHERAPY","abl_overlap",1,7.4,0.843274042711568,0.266666666666667,7.18767924786585,0.88983047627717,0.281389103646829,1.42857142857143,0.162907982204663,0.0515160272788913,2.84533468559838,0.322436268037077,0.101963300724171,20.1,4.1217579852399,1.30341431973448,3.35,0.68695966420665,0.217235719955746,56.1,9.32678341599551,2.94938788376315,2.29483956623087,0.313528290230123,0.0991463508025504
"CRYOTHERAPY","abl_preselect",1,7.4,0.843274042711568,0.266666666666667,7.17246201340948,0.923754773419378,0.2921169083458,1.44126984126984,0.160797820518352,0.050848735562895,2.86734279918864,0.317850898178854,0.100513279457544,20.1,4.1217579852399,1.30341431973448,3.35,0.68695966420665,0.217235719955746,55.7,11.8420155942024,3.74477413649119,2.2581087970001,0.418808551177682,0.132438892527667
"CRYOTHERAPY","abl_supp",1,7.4,0.843274042711568,0.266666666666667,7.2166183234961,0.906755547273555,0.286741281037692,1.24126984126984,0.0992116400705542,0.031373475302378,2.47292089249493,0.20483303353872,0.0647738926024015,19.7,4.11096095821889,1.3,3.28333333333333,0.685160159703149,0.216666666666667,48.1,10.1373895390612,3.20572404717977,1.97995439343265,0.434523197799634,0.137408300122671
"CRYOTHERAPY","no_abl",1,7.4,0.843274042711568,0.266666666666667,7.20545702564363,0.90399406262945,0.285868022917796,1.40952380952381,0.128037955236014,0.0404891565496486,2.80750507099391,0.256914255215804,0.0812434209847736,20.2,4.02216083439956,1.27191893522259,3.36666666666667,0.670360139066594,0.211986489203766,57,10.5934990547138,3.34995854037363,2.32995662308706,0.35598892088985,0.112573581179742
"DERMA","abl_acc",1,8.6,1.07496769977314,0.339934634239519,8.35661042378321,1.01673014133884,0.321518301237565,1.2278431372549,0.135449691110097,0.0428329532274168,7.05492671320168,0.497038462524361,0.157177362628522,29.2,4.70932880331983,1.48922052691258,4.86666666666667,0.784888133886638,0.248203421152096,50.4,6.81827609362432,2.15612821717283,3.31988095238095,0.455264428435209,0.143967253150999
"DERMA","abl_conf",1,9.9,0.875595035770913,0.276887462097269,9.70676054221882,0.808244131648737,0.255589236147499,1.25843137254902,0.136467708381204,0.0431548785548254,7.35531316760455,0.627324487906381,0.198377421378292,34.1,4.74809903481851,1.50148075060736,5.68333333333333,0.791349839136418,0.250246791767894,59.1,8.62103370960944,2.72621023074565,3.9002380952381,0.602908070811241,0.19065627234616
"DERMA","abl_length",1,9.9,0.875595035770913,0.276887462097269,9.78026640737472,0.830367280458983,0.262585190073021,1.25647058823529,0.137686219283424,0.0435402055353017,7.33781478196526,0.627797088519317,0.198526870814339,36.7,6.25477595299961,1.97793382655291,6.11666666666667,1.04246265883327,0.329655637758818,62.8,10.9015799058872,3.44738225969277,4.14630952380952,0.766668813053619,0.242441966026727
"DERMA","abl_max_cov",1,9.7,0.823272602348565,0.260341655863555,9.56237368706821,0.776340344756641,0.245500372891134,1.24588235294118,0.127248708269466,0.0402395747445816,7.20167822525552,0.591690815817069,0.187109064858512,33.8,5.57374799095426,1.76257387552031,5.63333333333333,0.928957998492377,0.293762312586718,58.5,8.15475321515005,2.57875939164553,3.85821428571429,0.561779324735413,0.177650220855527
"DERMA","abl_min_cov",1,1,0,0,1,0,0,0.288627450980392,0.0186886964712799,0.00590988473487961,0.943589743589743,0.0610976615407229,0.0193207770178757,1.7,0.674948557710553,0.213437474581095,0.283333333333333,0.112491426285092,0.0355729124301824,3.5,0.97182531580755,0.30731814857643,0.229940476190476,0.0612989601522493,0.019384433228101
"DERMA","abl_mod",1,9.9,0.875595035770913,0.276887462097269,9.76237368706821,0.804618341662042,0.25444266067996,1.25960784313725,0.144215652950504,0.0456049937571974,7.36344293113787,0.66852373502377,0.211405767255799,34.8,5.09465951321141,1.61107279647928,5.8,0.849109918868569,0.268512132746546,61,8.56348838577675,2.70801280154532,4.02595238095238,0.608123313543132,0.192305476904502
"DERMA","abl_overlap",1,9.9,0.875595035770913,0.276887462097269,9.76542212011664,0.808876933019978,0.255789345511459,1.26745098039216,0.161751699483724,0.0511503785771651,7.38842149930932,0.730083903056728,0.230872801668483,35,5.22812904711938,1.6532795690183,5.83333333333333,0.871354841186563,0.275546594836383,60.9,8.87505868525198,2.80653998130557,4.01821428571429,0.620460853781959,0.196206949692369
"DERMA","abl_preselect",1,8,0.666666666666667,0.210818510677892,7.95411032142175,0.657828265922409,0.208023562955374,1.13254901960784,0.125228485269942,0.0396007241385863,6.66749372378647,0.460171643960342,0.145519050953875,30.5,5.87367006223537,1.85741756210067,2.11201007326007,0.445741707837044,0.140955904489838,51.9,9.31486267567411,2.94561821468205,2.03754986431748,0.435369925968784,0.137676059080025
"DERMA","abl_supp",1,9.9,0.875595035770913,0.276887462097269,9.79025963079225,0.83458035984955,0.263917482756752,1.20509803921569,0.114048822914958,0.0360654044872473,7.02235458476772,0.411182359339471,0.130027278919454,35.1,5.21642704454985,1.64957907088782,5.85,0.869404507424976,0.274929845147969,60.3,8.43339920922888,2.66687499186261,3.97732142857143,0.582970776678665,0.184351546362195
"DERMA","no_abl",1,9.9,0.875595035770913,0.276887462097269,9.76237368706821,0.804618341662042,0.25444266067996,1.25843137254902,0.144436459129229,0.0456748188018183,7.3546194017261,0.669488099378945,0.211710726041463,34.8,5.09465951321141,1.61107279647928,5.8,0.849109918868569,0.268512132746546,60.2,7.95543140809403,2.51572830188176,3.97154761904762,0.558433715212212,0.176592246230041
"ECOLI","abl_acc",1,5.3,0.948683298050514,0.3,4.26410262007835,0.843502072111874,0.266738775894512,1.28376068376068,0.171842348615398,0.054341322009734,4.96932275132275,0.535593629106359,0.169369576825155,13.6,3.33999334663343,1.05619863451699,2.26666666666667,0.556665557772238,0.176033105752832,23.2,6.21467796609142,1.96525372973116,1.66758241758242,0.437243972465049,0.13826868461695
"ECOLI","abl_conf",1,12,1.15470053837925,0.365148371670111,10.3936627522838,1.08637827728484,0.343542975675006,1.42777777777778,0.253220504740254,0.0800753545236666,7.48111904761905,0.858772985759236,0.271567862802253,40.4,5.18973345494095,1.64113781667882,6.73333333333333,0.864955575823492,0.27352296944647,70.7,9.44045667445289,2.98533452434099,5.08351648351648,0.643687826225353,0.203551963299478
"ECOLI","abl_length",1,12,1.15470053837925,0.365148371670111,10.8124046120044,1.13297839406986,0.358279226502056,1.3017094017094,0.198800389316143,0.0628662029967216,6.80694444444444,0.546956237526793,0.172962749102073,41.3,5.79367471184452,1.83212081115484,6.88333333333333,0.965612451974087,0.305353468525807,71,11.5662343819317,3.65756445982539,5.1043956043956,0.797399805012053,0.252159958961224
"ECOLI","abl_max_cov",1,12,1.15470053837925,0.365148371670111,10.8529668610004,1.20531635280246,0.381154497590284,1.25384615384615,0.131397419828726,0.0415515125328147,6.62948412698413,0.294507001612525,0.0931312911962459,40.9,5.21642704454985,1.64957907088782,6.81666666666667,0.869404507424976,0.274929845147969,69.9,10.2138250534372,3.22989507913527,5.02582417582417,0.700941617350928,0.221657201763113
"ECOLI","abl_min_cov",1,1,0,0,0.9462206545412,0.0234913027978998,0.00742860220460495,0.395299145299145,0.0303689538537434,0.00960350643343772,0.925,0.0710633520177595,0.0224722050542442,3.6,0.966091783079296,0.305505046330389,0.6,0.161015297179883,0.0509175077217316,6.8,2.20100986922922,0.69602043392737,0.489560439560439,0.15807144715022,0.0499865806033627
"ECOLI","abl_mod",1,12,1.15470053837925,0.365148371670111,10.8124046120044,1.13297839406986,0.358279226502056,1.3008547008547,0.199075794171225,0.0629532936587944,6.80494444444444,0.549088719131866,0.173637098996117,41.2,5.78887822562464,1.8306040290328,6.86666666666667,0.964813037604107,0.305100671505466,71,11.5662343819317,3.65756445982539,5.1043956043956,0.797399805012053,0.252159958961224
"ECOLI","abl_overlap",1,12,1.15470053837925,0.365148371670111,10.8529668610004,1.20531635280246,0.381154497590284,1.25384615384615,0.131397419828726,0.0415515125328147,6.62948412698413,0.294507001612525,0.0931312911962459,40.9,5.21642704454985,1.64957907088782,6.81666666666667,0.869404507424976,0.274929845147969,69.9,10.2138250534372,3.22989507913527,5.02582417582417,0.700941617350928,0.221657201763113
"ECOLI","abl_preselect",1,11.4,1.07496769977314,0.339934634239519,10.3051475674244,1.07735392514278,0.340689224957372,1.27264957264957,0.123395046288575,0.0390209398253804,6.8073544973545,0.321421838934871,0.101642510075398,38.9,4.84079883214882,1.53079500042734,5.98095238095238,0.541988537428565,0.171391824397769,67.3,10.403525043625,3.28988348324577,4.77761904761905,0.765352812886644,0.242025810233846
"ECOLI","abl_supp",1,12,1.15470053837925,0.365148371670111,10.865424584792,1.21325468486762,0.38366481860515,1.18589743589744,0.111625844031616,0.0352991912878619,6.44450264550265,0.411112382751158,0.130005150379258,40.4,5.01553143301441,1.58605030044938,6.73333333333333,0.835921905502401,0.264341716741563,67.7,10.2312158504147,3.23539453201272,4.86868131868132,0.710384056069696,0.2246431630649
"ECOLI","no_abl",1,12,1.15470053837925,0.365148371670111,10.8529668610004,1.20531635280246,0.381154497590284,1.25384615384615,0.131397419828726,0.0415515125328147,6.62948412698413,0.294507001612525,0.0931312911962459,40.9,5.21642704454985,1.64957907088782,6.81666666666667,0.869404507424976,0.274929845147969,69.9,10.2138250534372,3.22989507913527,5.02582417582417,0.700941617350928,0.221657201763113
"GLASS","abl_acc",1,11,0.471404520791032,0.149071198499986,9.25840901323494,0.484991392025703,0.153367744437685,1.23624161073825,0.115154956185381,0.0364151945402699,6.03489068583408,0.299786345606235,0.0948007663534114,44.9,4.48330235429198,1.41774468787578,7.48333333333333,0.747217059048663,0.23629078131263,103.4,13.4180641094177,4.24316443759188,5.20567669172932,0.72471739871957,0.229175763990623
"GLASS","abl_conf",1,21.6,2.67498701969852,0.845905169363301,19.9401005852973,2.46284991273915,0.778821525940266,1.41677852348993,0.17135501517864,0.0541872136457225,7.40946861763574,0.717241142089352,0.226811564058281,92,13.0128141972954,4.11501316320292,15.3333333333333,2.1688023662159,0.685835527200486,193.7,28.9829451766226,9.16521200579185,9.76878446115288,1.63499824946004,0.517031843868188
"GLASS","abl_length",1,21.6,2.67498701969852,0.845905169363301,20.3444853558504,2.61786399520099,0.827841282938323,1.36174496644295,0.150519555574892,0.0475984628012954,7.24286569973902,0.681137925605977,0.215394724563721,92.8,12.3540366772251,3.90668941972896,15.4666666666667,2.05900611287084,0.65111490328816,192.6,26.5923965741254,8.40925416166948,9.7031328320802,1.45834641033422,0.461169627418665
"GLASS","abl_max_cov",1,21.6,2.67498701969852,0.845905169363301,20.3413108487816,2.62268156575231,0.829364732511395,1.35570469798658,0.151399770162762,0.0478768110940329,7.18744705429342,0.7040542542253,0.222641503968317,91.6,12.7645341996225,4.03650013419216,15.2666666666667,2.12742236660376,0.67275002236536,189.9,27.4932314902737,8.69412317475303,9.57077694235589,1.52073704296481,0.480899277795813
"GLASS","abl_min_cov",1,1,0,0,0.993939393939394,0.0191653191525358,0.0060606060606061,0.121476510067114,0.0359963529992266,0.0113830462936989,0.80734693877551,0.0748852609302746,0.0236807987715687,2.2,0.632455532033676,0.2,0.366666666666666,0.105409255338946,0.0333333333333334,4.6,1.17378779077727,0.371184290855335,0.231303258145363,0.0584307231566515,0.0184774170505762
"GLASS","abl_mod",1,21.6,2.67498701969852,0.845905169363301,20.3413108487816,2.62268156575231,0.829364732511395,1.35637583892617,0.150818508952395,0.0476930001600064,7.21400889915715,0.714484265018546,0.225939762980997,91.6,12.7645341996225,4.03650013419216,15.2666666666667,2.12742236660376,0.67275002236536,192.2,28.3070466295742,8.95147411820472,9.68690476190476,1.56228470647377,0.494037802610472
"GLASS","abl_overlap",1,21.6,2.67498701969852,0.845905169363301,20.3413108487816,2.62268156575231,0.829364732511395,1.35436241610738,0.15073054538126,0.0476651836364154,7.19012001026826,0.704407127972263,0.222753092445006,91.6,12.7645341996225,4.03650013419216,15.2666666666667,2.12742236660376,0.67275002236536,189.9,27.4932314902737,8.69412317475303,9.57077694235589,1.52073704296481,0.480899277795813
"GLASS","abl_preselect",1,18.9,3.34829973435938,1.05882534495124,17.5719490251061,3.23452502049382,1.02284662135633,1.16912751677852,0.155083747295081,0.0490417869526434,6.58691652761734,0.922043392539044,0.291575722193208,82.5,16.2224124798584,5.1299772579093,9.16666666666666,1.80249027553983,0.569997473101034,180.7,36.0371721667749,11.3959544478634,7.01878357310966,1.46234570325054,0.462434314883242
"GLASS","abl_supp",1,21.6,2.67498701969852,0.845905169363301,20.3579080803702,2.62303304853519,0.829475881126619,1.28859060402685,0.137288017830571,0.0434142831794411,6.94510439395884,0.635491617626687,0.200960094564514,90.7,12.9189782877749,4.0853396431631,15.1166666666667,2.15316304796249,0.680889940527182,188,28.882905363246,9.13357663909502,9.47655388471178,1.58574500849563,0.501456601508925
"GLASS","no_abl",1,21.6,2.67498701969852,0.845905169363301,20.3413108487816,2.62268156575231,0.829364732511395,1.35436241610738,0.15073054538126,0.0476651836364154,7.19012001026826,0.704407127972263,0.222753092445006,91.6,12.7645341996225,4.03650013419216,15.2666666666667,2.12742236660376,0.67275002236536,189.9,27.4932314902737,8.69412317475303,9.57077694235589,1.52073704296481,0.480899277795813
"HABERMAN","abl_acc",1,3,0,0,2.26640299037431,0.0938948851773398,0.0296921697800377,0.984186046511628,0.00765834978928896,0.00242178284524237,1.33924050632911,0.0104211721816273,0.00329546399827283,4,0.942809041582063,0.298142396999972,1.33333333333333,0.314269680527355,0.0993807989999908,6.8,3.22490309931942,1.01980390271856,0.759722222222222,0.353071108728724,0.111650887958372
"HABERMAN","abl_conf",1,4.2,0.632455532033676,0.2,3.21884191370488,0.499990712349431,0.158110945995428,1.23813953488372,0.129562692147248,0.0409713206968515,1.88218965134355,0.230649447407236,0.0729377594866083,6.5,1.64991582276861,0.521749194749951,2.16666666666667,0.549971940922871,0.173916398249984,11,3.39934634239519,1.07496769977314,1.24027777777778,0.393494007951269,0.124433731075442
"HABERMAN","abl_length",1,4.2,0.632455532033676,0.2,3.28045040881642,0.5843434536276,0.18478562492722,1.20139534883721,0.112422879842248,0.0355512361416934,1.83106817677104,0.199847667172585,0.0631973813336632,6.8,2.14993539954628,0.679869268479038,2.26666666666667,0.716645133182093,0.226623089493013,11.8,4.5898438608156,1.45143607047182,1.33611111111111,0.551909330837069,0.174529054734454
"HABERMAN","abl_max_cov",1,4.2,0.632455532033676,0.2,3.26902873869909,0.570933130141888,0.18054490828977,1.2106976744186,0.103378421980227,0.0326911274371532,1.84484787919165,0.196811926523723,0.062237395850067,6.6,1.7763883459299,0.561743318211757,2.2,0.592129448643299,0.187247772737252,11.6,4.32563418600222,1.36788563524555,1.31388888888889,0.526077508150291,0.166360315154071
"HABERMAN","abl_min_cov",1,1,0,0,0.860309375111015,0.00866246703070288,0.00273931259731368,0.449767441860465,0.0162679918010229,0.0051443907048177,0.612025316455696,0.0221368242862017,0.00700027849073284,1,0,0,0.333333333333333,0,0,1,0,0,0.1125,0.00439205230578945,0.0013888888888889
"HABERMAN","abl_mod",1,4.2,0.632455532033676,0.2,3.26902873869909,0.570933130141888,0.18054490828977,1.2106976744186,0.103378421980227,0.0326911274371532,1.84484787919165,0.196811926523723,0.062237395850067,6.6,1.7763883459299,0.561743318211757,2.2,0.592129448643299,0.187247772737252,11.6,4.32563418600222,1.36788563524555,1.31388888888889,0.526077508150291,0.166360315154071
"HABERMAN","abl_overlap",1,4.2,0.632455532033676,0.2,3.25492786150611,0.547217260368496,0.173045291772184,1.23581395348837,0.144261878866625,0.0456196116753846,1.87229624694648,0.23442248420661,0.0741308984847738,6.7,1.88856206322871,0.597215762238964,2.23333333333333,0.629520687742902,0.199071920746321,11.9,4.60555220479706,1.4564034849969,1.34722222222222,0.552964637441339,0.174862771984385
"HABERMAN","abl_preselect",1,4.2,0.632455532033676,0.2,3.26516178669084,0.564647067526046,0.17855708075172,1.24883720930233,0.10296371375674,0.032559985182091,1.90123251165889,0.223344261121673,0.0706276567471879,6.4,2.01108041719978,0.635959467611297,2.13333333333333,0.670360139066594,0.211986489203766,10.6,5.03763612995002,1.5930404193798,1.20277777777778,0.604346681000866,0.191111200832595
"HABERMAN","abl_supp",1,4.2,0.632455532033676,0.2,3.29613726521038,0.562737918982073,0.177953354972665,1.15116279069767,0.112469907973232,0.0355661077424944,1.75598489895625,0.19852158066947,0.062778035961238,6.9,1.72884033065199,0.546707315561891,2.3,0.576280110217331,0.182235771853964,11.9,4.45845015423272,1.40988573217044,1.34722222222222,0.537874506656373,0.170090853637354
"HABERMAN","no_abl",1,4.2,0.632455532033676,0.2,3.26902873869909,0.570933130141888,0.18054490828977,1.2106976744186,0.103378421980227,0.0326911274371532,1.84484787919165,0.196811926523723,0.062237395850067,6.6,1.7763883459299,0.561743318211757,2.2,0.592129448643299,0.187247772737252,11.6,4.32563418600222,1.36788563524555,1.31388888888889,0.526077508150291,0.166360315154071
"HEART","abl_acc",1,8.7,0.823272602348565,0.260341655863555,7.84548837460337,0.766489815473204,0.24238536202175,1.57883597883598,0.053911740880544,0.0170483893807331,3.14214285714286,0.11885725520616,0.0375859642887372,29.6,5.25357021462548,1.66132477258361,4.93333333333333,0.875595035770913,0.276887462097269,60.4,13.3099795475258,4.20898509804389,3.64154411764706,0.803609998357302,0.254123794529324
"HEART","abl_conf",1,12.8,1.31656117720877,0.416333199893227,12.0640347320436,1.30375385444968,0.412283168828464,1.59100529100529,0.0856078915241097,0.027071592290081,3.17642857142857,0.163123525141294,0.051584187940223,50.5,8.26303683749369,2.61300167963547,8.41666666666667,1.37717280624895,0.435500279939245,102.8,20.8262654677533,6.58584340334124,6.18713235294118,1.19233766174903,0.377050275112636
"HEART","abl_length",1,12.8,1.31656117720877,0.416333199893227,12.2428789624416,1.25022381582754,0.395355484300191,1.57883597883598,0.0813661123894387,0.0257302239503871,3.1452380952381,0.157223003451502,0.049718279147926,53,7.46845216746936,2.36173194452245,8.83333333333333,1.24474202791156,0.393621990753741,108.7,18.5055547216385,5.85197022852608,6.54595588235294,1.07752057405621,0.340741923970975
"HEART","abl_max_cov",1,12.6,1.34989711542111,0.42687494916219,11.950709858241,1.31527594572533,0.415926774012405,1.65343915343915,0.137005369060572,0.0433249017903372,3.31809523809524,0.294373199783572,0.0930889793427873,49.4,9.14330356052997,2.89136645896019,8.23333333333333,1.523883926755,0.481894409826699,102,20.4287379280594,6.46013415753368,6.13786764705882,1.1623181776054,0.367557280704916
"HEART","abl_min_cov",1,1,0,0,0.972420160521818,0.0174009994624695,0.00550267918647692,0.274603174603175,0.0687808076325303,0.0217504011424689,0.521190476190476,0.0963588159743249,0.0304713331115883,3.1,0.316227766016838,0.1,0.516666666666667,0.0527046276694731,0.0166666666666667,6,1.63299316185545,0.516397779494322,0.3625,0.104622704165185,0.033084604012797
"HEART","abl_mod",1,12.8,1.31656117720877,0.416333199893227,12.2428789624416,1.25022381582754,0.395355484300191,1.57883597883598,0.0813661123894387,0.0257302239503871,3.1452380952381,0.157223003451502,0.049718279147926,53,7.46845216746936,2.36173194452245,8.83333333333333,1.24474202791156,0.393621990753741,108.7,18.5055547216385,5.85197022852608,6.54595588235294,1.07752057405621,0.340741923970975
"HEART","abl_overlap",1,12.8,1.31656117720877,0.416333199893227,12.189289312316,1.2525831912131,0.396101584307559,1.66719576719577,0.153822829112304,0.0486430496125736,3.32047619047619,0.292518623982592,0.0925025109803345,51.4,8.12677331075775,2.56991136898618,8.56666666666667,1.35446221845963,0.428318561497698,103.9,19.6437719844682,6.21190613079253,6.25036764705882,1.10650357423477,0.349907153369906
"HEART","abl_preselect",1,12.7,1.33749350984926,0.422952584681651,12.1828637864135,1.3791092396715,0.436112633954499,1.55661375661376,0.0821877057893705,0.0259900345958218,3.11333333333333,0.153415798259028,0.0485143351551422,52.1,8.04777401935881,2.54492959955019,5.33739898989899,0.843694695346136,0.266799688709565,104.7,17.0623041299299,5.39557431810759,4.95750911369332,0.669281789651436,0.211645485177225
"HEART","abl_supp",1,12.8,1.31656117720877,0.416333199893227,12.2516422722186,1.2454682503841,0.393851642463865,1.53121693121693,0.0985510396674661,0.0311645751126796,3.05380952380952,0.195783211128118,0.0619120874786477,52.2,8.05260482356141,2.54645723397124,8.7,1.3421008039269,0.424409538995206,107.1,19.1627532236657,6.05979464265177,6.44852941176471,1.10954314948843,0.350868351462012
"HEART","no_abl",1,12.8,1.31656117720877,0.416333199893227,12.2428789624416,1.25022381582754,0.395355484300191,1.57460317460317,0.0840735394592252,0.0265863875643193,3.13761904761905,0.163063083378788,0.0515650745766917,52.8,7.34544454444764,2.32283351869125,8.8,1.22424075740794,0.387138919781875,108.2,18.078839687448,5.71703108653823,6.51470588235294,1.04060643852517,0.329068649357553
"IRIS","abl_acc",1,3,0,0,2.90099575101685,0.0318332093595173,0.0100665446809064,0.994285714285714,0.00665910379790554,0.00210579351768591,2.98285714285714,0.0199773113937164,0.00631738055305766,3.5,0.52704627669473,0.166666666666667,0.875,0.131761569173682,0.0416666666666667,5.8,1.3984117975602,0.442216638714053,0.44514652014652,0.115346210442907,0.0364756744468687
"IRIS","abl_conf",1,3.8,0.918936583472681,0.290593262902712,3.69332478232653,0.874559767596999,0.276560081555404,1.16,0.202369436335907,0.0639948347625905,3.48,0.607108309007722,0.191984504287772,6,2.53859103528797,0.802772971919486,1.5,0.634647758821992,0.200693242979872,13.1,8.21178015617402,2.59679289380831,0.994139194139194,0.601555840219672,0.190228659487049
"IRIS","abl_length",1,3.8,0.918936583472681,0.290593262902712,3.71764124601587,0.905763155127655,0.286427459086381,1.1447619047619,0.183293131028105,0.0579623773512493,3.43428571428572,0.549879393084316,0.173887132053748,6.3,2.71006354989038,0.856997342145496,1.575,0.677515887472595,0.214249335536374,13.7,7.73232752079792,2.44517665801244,1.04551282051282,0.574833585576494,0.181778340598303
"IRIS","abl_max_cov",1,3.8,0.918936583472681,0.290593262902712,3.72083477644043,0.907632647910849,0.287018644612795,1.13238095238095,0.16021212947162,0.0506635237916109,3.39714285714286,0.48063638841486,0.151990571374832,5.9,2.37814119756493,0.752034278178565,1.475,0.594535299391232,0.188008569544641,12.2,6.71317113342619,2.12289111041209,0.928205128205128,0.500536639478075,0.158283583311727
"IRIS","abl_min_cov",1,1,0,0,1,0,0,0.333333333333333,0,0,1,0,0,1,0,0,0.25,0,0,1,0,0,0.0765567765567765,0.00436411868148022,0.00138005550127684
"IRIS","abl_mod",1,3.8,0.918936583472681,0.290593262902712,3.71163160589651,0.895246510350597,0.283101804002539,1.14666666666667,0.185446829525346,0.0586434366157056,3.44,0.556340488576039,0.175930309847117,6,2.53859103528797,0.802772971919486,1.5,0.634647758821992,0.200693242979872,13,8.01387685344754,2.53421037449976,0.985897435897436,0.585374937679961,0.18511180882478
"IRIS","abl_overlap",1,3.8,0.918936583472681,0.290593262902712,3.72083477644043,0.907632647910849,0.287018644612795,1.13238095238095,0.16021212947162,0.0506635237916109,3.39714285714286,0.48063638841486,0.151990571374832,5.9,2.37814119756493,0.752034278178565,1.475,0.594535299391232,0.188008569544641,12.2,6.71317113342619,2.12289111041209,0.928205128205128,0.500536639478075,0.158283583311727
"IRIS","abl_preselect",1,3.8,0.918936583472681,0.290593262902712,3.720388347869,0.907013016746025,0.286822700033788,1.13904761904762,0.169667616312587,0.0536536112719315,3.41714285714286,0.509002848937761,0.160960833815794,5.9,2.37814119756493,0.752034278178565,1.475,0.594535299391232,0.188008569544641,12.6,7.41170245849989,2.34378611083293,0.957875457875458,0.55135404914426,0.174353459245227
"IRIS","abl_supp",1,3.8,0.918936583472681,0.290593262902712,3.73467512775931,0.926058964397262,0.292845557511213,1.05142857142857,0.0871947398100466,0.0275733977785505,3.15428571428572,0.261584219430139,0.0827201933356513,5.7,2.21359436211787,0.7,1.425,0.553398590529466,0.175,9.5,3.65908306668336,1.15710366384732,0.724908424908425,0.275564854658214,0.0871412583813216
"IRIS","no_abl",1,3.8,0.918936583472681,0.290593262902712,3.72083477644043,0.907632647910849,0.287018644612795,1.13238095238095,0.16021212947162,0.0506635237916109,3.39714285714286,0.48063638841486,0.151990571374832,5.9,2.37814119756493,0.752034278178565,1.475,0.594535299391232,0.188008569544641,12.2,6.71317113342619,2.12289111041209,0.928205128205128,0.500536639478075,0.158283583311727
"MAMMOGRAPHIC","abl_acc",1,9.8,1.22927259430572,0.38873012632302,8.20938875902108,1.01999736600157,0.322551488393734,1.30668647845468,0.164858303454439,0.0521327730107231,2.64030826052987,0.361516980933327,0.114321707257698,30.9,5.2799410771123,1.66966397151576,6.18,1.05598821542246,0.333932794303152,64.3,10.403525043625,3.28988348324577,4.07580882352941,0.67051649618579,0.21203593366627
"MAMMOGRAPHIC","abl_conf",1,10,1.15470053837925,0.365148371670111,8.26430943192325,0.942241189506814,0.297962826406788,1.25126300148588,0.154984431075092,0.0490103804062671,2.5224101498686,0.344644526318578,0.108986168627655,30.8,4.23739962188552,1.33998341614945,6.16,0.847479924377104,0.26799668322989,61.8,7.05218642219087,2.2300971578237,3.91208333333333,0.422055202711449,0.133465573889225
"MAMMOGRAPHIC","abl_length",1,10,1.15470053837925,0.365148371670111,8.33769130090288,0.971140218222095,0.307101501697478,1.25423476968796,0.164989571307309,0.0521742835505861,2.52664518076568,0.359705059618256,0.113748727428035,31.5,5.03873881927699,1.59338912036228,6.3,1.0077477638554,0.318677824072457,64.9,9.60844535927755,3.03845721085919,4.11,0.596883624945764,0.188751175288631
"MAMMOGRAPHIC","abl_max_cov",1,10,1.15470053837925,0.365148371670111,8.33769130090288,0.971140218222095,0.307101501697478,1.25423476968796,0.164989571307309,0.0521742835505861,2.52664518076568,0.359705059618256,0.113748727428035,31.5,5.03873881927699,1.59338912036228,6.3,1.0077477638554,0.318677824072457,64.9,9.60844535927755,3.03845721085919,4.11,0.596883624945764,0.188751175288631
"MAMMOGRAPHIC","abl_min_cov",1,1,0,0,0.919821986616028,0.0175886062405894,0.0055620056588114,0.301188707280832,0.0295608375464273,0.00934795761889336,0.586032388663968,0.0493317045244847,0.0156000547155805,2.7,0.483045891539648,0.152752523165195,0.54,0.0966091783079296,0.0305505046330389,4.5,1.77951304200522,0.562731433871138,0.283259803921569,0.106638151310102,0.0337219443609591
"MAMMOGRAPHIC","abl_mod",1,9.8,1.13529242439509,0.3590109871423,8.15238428335902,0.875974281366406,0.277007390084703,1.23090638930163,0.155061575729091,0.0490347756878612,2.47736877619149,0.333615246953509,0.105498404253264,31,5.33333333333333,1.68654808542314,6.2,1.06666666666667,0.337309617084627,63.9,10.5351264296585,3.33149949555585,4.0475,0.660796493765546,0.208962199015238
"MAMMOGRAPHIC","abl_overlap",1,10,1.15470053837925,0.365148371670111,8.34370818935453,0.954983174842201,0.301992195964017,1.2592867756315,0.173091502827297,0.0547363392555733,2.52901573265147,0.363487277355367,0.11494476969363,31.5,5.03873881927699,1.59338912036228,6.3,1.0077477638554,0.318677824072457,65.1,9.25502866314068,2.92669703856678,4.1225,0.573354462358298,0.18131060076735
"MAMMOGRAPHIC","abl_preselect",1,8.8,1.68654808542314,0.533333333333333,7.36283004914724,1.32675485374416,0.419556723451512,1.19836552748886,0.278428980760528,0.088046974580247,2.40534927906812,0.558736297579723,0.176687931176155,28.2,5.76965240624502,1.82452429112053,5.64,1.153930481249,0.364904858224107,60.9,13.6173908416162,4.30619708482245,3.82213235294118,0.815786862673696,0.257974457129188
"MAMMOGRAPHIC","abl_supp",1,10,1.15470053837925,0.365148371670111,8.34314522164636,0.959463559050182,0.303409017853003,1.14710252600297,0.133071224509229,0.0420808160476786,2.3066925918034,0.289611422972826,0.0915831732996543,31.1,5.08702052067591,1.60865713493515,6.22,1.01740410413518,0.321731426987031,63.3,10.6463347892335,3.36666666666667,4.00958333333333,0.668438184487901,0.21137871380096
"MAMMOGRAPHIC","no_abl",1,10,1.15470053837925,0.365148371670111,8.33769130090288,0.971140218222095,0.307101501697478,1.25423476968796,0.164989571307309,0.0521742835505861,2.52664518076568,0.359705059618256,0.113748727428035,31.5,5.03873881927699,1.59338912036228,6.3,1.0077477638554,0.318677824072457,64.9,9.60844535927755,3.03845721085919,4.11,0.596883624945764,0.188751175288631
"NEWTHYROID","abl_acc",1,4.1,0.316227766016838,0.1,3.80266252336215,0.334133502885608,0.105662291168896,1.22333333333333,0.223689599751613,0.0707368624106533,3.0625,0.372634578001828,0.117837400142145,9.3,1.33749350984926,0.422952584681651,1.86,0.267498701969852,0.0845905169363301,21.9,6.02679203409428,1.90583898118971,1.28128052975576,0.331670168036215,0.104883316292522
"NEWTHYROID","abl_conf",1,5.6,0.516397779494322,0.163299316185545,5.4033513561052,0.490640110699724,0.155154026124828,1.44666666666667,0.0585419549880864,0.0185125916441409,3.73309523809524,0.315833031688052,0.0998751740450378,12.8,2.39443799947573,0.757187779440036,2.56,0.478887599895146,0.151437555888007,28.7,7.08754776585903,2.24127939653523,1.69693369453044,0.448011441348163,0.141673657247513
"NEWTHYROID","abl_length",1,5.6,0.516397779494322,0.163299316185545,5.47167176776633,0.530090278437318,0.167629264537477,1.452,0.0570726199733049,0.0180479471148862,3.70071428571429,0.268042675310019,0.0847625364104639,13.9,2.42441287279576,0.766666666666666,2.78,0.484882574559151,0.153333333333333,32.4,7.21418356049002,2.28132515096916,1.92854317165463,0.516203591983427,0.163237908702786
"NEWTHYROID","abl_max_cov",1,5.6,0.516397779494322,0.163299316185545,5.47304163078003,0.528120589809391,0.167006394302918,1.44333333333333,0.058394148193204,0.0184658510315931,3.67583333333333,0.242040754851993,0.0765400071918747,13.5,2.46080384337223,0.77817450199525,2.7,0.492160768674447,0.15563490039905,30.9,7.24875468231919,2.29225749959389,1.83810199518404,0.513627846733797,0.162423386536667
"NEWTHYROID","abl_min_cov",1,1,0,0,0.972293527616614,0.0133633852156964,0.00422587345318211,0.586666666666667,0.0588784057755188,0.0186189867250252,0.838095238095238,0.0841120082507415,0.0265985524643218,3.2,1.03279555898864,0.32659863237109,0.64,0.206559111797729,0.0653197264742181,7.7,3.16403399335581,1.00055540132024,0.456753525971792,0.205584852824625,0.0650116387356316
"NEWTHYROID","abl_mod",1,5.6,0.516397779494322,0.163299316185545,5.47304163078003,0.528120589809391,0.167006394302918,1.44666666666667,0.0587104213938795,0.0185658653992937,3.69309523809524,0.272864599102164,0.0862873625991575,13.6,2.45854518861144,0.77746025264604,2.72,0.491709037722287,0.155492050529208,31.9,7.66594199473663,2.42418371141023,1.90115755073959,0.551682372103097,0.174457284081032
"NEWTHYROID","abl_overlap",1,5.6,0.516397779494322,0.163299316185545,5.4776448585626,0.515798609270003,0.163109841924045,1.548,0.1061468816962,0.033566591268443,3.95880952380952,0.313585077621735,0.0991643085525379,13.7,1.94650684275419,0.615539510420646,2.74,0.389301368550838,0.123107902084129,33.4,6.86699028363631,2.17153299665364,1.97818068455452,0.478494334542681,0.151313194464145
"NEWTHYROID","abl_preselect",1,5.6,0.516397779494322,0.163299316185545,5.48296292544447,0.514435759078913,0.162678870852701,1.452,0.0587776727577302,0.0185871321478458,3.67214285714286,0.250483407665552,0.0792098084303624,13.4,2.41292814278051,0.76303487615064,2.68,0.482585628556103,0.152606975230128,31.1,7.1094616142465,2.24820916385563,1.78229704162367,0.434812193219102,0.137499688498558
"NEWTHYROID","abl_supp",1,5.6,0.516397779494322,0.163299316185545,5.47921493830747,0.521818551636728,0.165013514850224,1.35,0.123817867036752,0.0391546474860021,3.57940476190476,0.260810635478569,0.0824755646108198,12.8,2.82055944017416,0.891939210683977,2.56,0.564111888034831,0.178387842136795,28.1,7.4602651129538,2.35914297056273,1.66328646370829,0.47080650641886,0.148882089751028
"NEWTHYROID","no_abl",1,5.6,0.516397779494322,0.163299316185545,5.47304163078003,0.528120589809391,0.167006394302918,1.44333333333333,0.058394148193204,0.0184658510315931,3.67583333333333,0.242040754851993,0.0765400071918747,13.5,2.46080384337223,0.77817450199525,2.7,0.492160768674447,0.15563490039905,30.9,7.24875468231919,2.29225749959389,1.83810199518404,0.513627846733797,0.162423386536667
"TITATNIC","abl_acc",1,2,0,0,1.51599569474377,0.0344910926813686,0.0109070411861089,1.26288124594419,0.00941606080753503,0.00297761987384551,1.86586768935762,0.0139119364375959,0.00439934058062918,2.9,0.316227766016838,0.1,0.966666666666667,0.105409255338946,0.0333333333333334,3.8,0.632455532033676,0.2,0.76,0.126491106406735,0.04
"TITATNIC","abl_conf",1,3,0,0,2.3608221116557,0.0248770196783583,0.00786680435804415,1.27384815055159,0.0678323389281596,0.0214504690029489,2.21793886957225,0.100703808138915,0.0318453402771575,5.3,0.483045891539648,0.152752523165195,1.76666666666667,0.161015297179883,0.0509175077217316,6.1,0.737864787372622,0.233333333333333,1.22,0.147572957474524,0.0466666666666667
"TITATNIC","abl_length",1,3,0,0,2.43869718685998,0.0673905692447038,0.0213107691628557,1.23212199870214,0.0814388562796311,0.0257532275882741,2.04926532592499,0.184373722396989,0.0583040903458086,5.1,0.316227766016838,0.1,1.7,0.105409255338946,0.0333333333333334,6.1,0.316227766016838,0.1,1.22,0.0632455532033676,0.02
"TITATNIC","abl_max_cov",1,3,0,0,2.43869718685998,0.0673905692447038,0.0213107691628557,1.23212199870214,0.0814388562796311,0.0257532275882741,2.04926532592499,0.184373722396989,0.0583040903458086,5.1,0.316227766016838,0.1,1.7,0.105409255338946,0.0333333333333334,6.1,0.316227766016838,0.1,1.22,0.0632455532033676,0.02
"TITATNIC","abl_min_cov",1,1,0,0,0.796107260218589,0.00372807766621862,0.00117892167192558,0.757689811810513,0.00724686107098539,0.0022916586871121,1.11946308724832,0.0107070114193572,0.0033858543018601,2,0,0,0.666666666666667,0,0,2,0,0,0.4,0,0
"TITATNIC","abl_mod",1,3,0,0,2.44495854625118,0.0604756138917276,0.0191240682794779,1.22920181700195,0.0759686513427168,0.0240233969014194,2.04085873696127,0.16233171222403,0.0513337947102932,5.1,0.316227766016838,0.1,1.7,0.105409255338946,0.0333333333333334,6.8,0.421637021355784,0.133333333333333,1.36,0.0843274042711568,0.0266666666666667
"TITATNIC","abl_overlap",1,3,0,0,2.43869718685998,0.0673905692447038,0.0213107691628557,1.23212199870214,0.0814388562796311,0.0257532275882741,2.04926532592499,0.184373722396989,0.0583040903458086,5.1,0.316227766016838,0.1,1.7,0.105409255338946,0.0333333333333334,6.1,0.316227766016838,0.1,1.22,0.0632455532033676,0.02
"TITATNIC","abl_preselect",1,2.3,0.483045891539648,0.152752523165195,1.8089441182297,0.459795478680749,0.145400097047856,1.05191434133679,0.107050821687198,0.0338524421924096,1.83537216940629,0.0995438735494781,0.0314785367532141,3.2,0.918936583472681,0.290593262902712,1.06666666666667,0.306312194490894,0.0968644209675706,3.5,1.35400640077266,0.428174419288838,0.7,0.270801280154532,0.0856348838577675
"TITATNIC","abl_supp",1,3,0,0,2.47820429978258,0.0217271540374042,0.00687072938315205,1.17144711226476,0.064707211360407,0.0204622168936808,1.93359843978022,0.039207098732516,0.0123983732441851,5,0,0,1.66666666666667,0,0,6,0,0,1.2,7.40148683083438e-17,2.3405556457178e-17
"TITATNIC","no_abl",1,3,0,0,2.43869718685998,0.0673905692447038,0.0213107691628557,1.23212199870214,0.0814388562796311,0.0257532275882741,2.04926532592499,0.184373722396989,0.0583040903458086,5.1,0.316227766016838,0.1,1.7,0.105409255338946,0.0333333333333334,6.1,0.316227766016838,0.1,1.22,0.0632455532033676,0.02
"VERTEBRAL","abl_acc",1,7.9,2.02484567313166,0.640312423743285,6.62038709207923,1.69652817005204,0.53648931320019,1.10921658986175,0.275180768916993,0.0870197998054163,3.12190476190476,0.76574495187217,0.242149815469207,26.6,8.64355893779357,2.73333333333333,4.43333333333333,1.44059315629893,0.455555555555556,55.1,20.0247069613737,6.33236834753703,3.2468545751634,1.15819235285253,0.366252580360342
"VERTEBRAL","abl_conf",1,10.7,1.56702123647242,0.495535624910617,9.37227650543655,1.42697059443017,0.451247723248372,1.18617511520737,0.112821166245765,0.0356771853613124,3.48904761904762,0.288854437157294,0.0913437933663023,38.4,8.73307887670017,2.76164202362773,6.4,1.45551314611669,0.460273670604621,79,19.4707758220136,6.15719994081004,4.63831699346405,1.0979882739895,0.347214378996384
"VERTEBRAL","abl_length",1,10.7,1.56702123647242,0.495535624910617,9.55907643557887,1.50662310725491,0.476436059436567,1.12995391705069,0.0894584408585266,0.0282892429040413,3.32619047619048,0.23047323886343,0.0728820374524476,40,7.39369100427294,2.33809038890002,6.66666666666667,1.23228183404549,0.389681731483337,83.5,14.7967714196187,4.67914997028781,4.90796568627451,0.824610822957931,0.260764838377293
"VERTEBRAL","abl_max_cov",1,10.7,1.56702123647242,0.495535624910617,9.55756128406372,1.50741598104545,0.476686788144084,1.1294930875576,0.0842882772101217,0.0266542936035647,3.32380952380952,0.218794424636353,0.0691888721196933,39.7,7.49888880657217,2.37135685491099,6.61666666666667,1.24981480109536,0.395226142485165,82.5,15.277070690708,4.8310339358039,4.84656862745098,0.842827025309359,0.266525307352195
"VERTEBRAL","abl_min_cov",1,1,0,0,0.982680665400998,0.00750175064169047,0.00237226184663716,0.477880184331797,0.00534332630750416,0.00168970814132104,0.987619047619048,0.0110428743688421,0.00349206349206353,1,0,0,0.166666666666667,0,0,2.3,0.483045891539648,0.152752523165195,0.136192810457516,0.033107673804602,0.0104695657252435
"VERTEBRAL","abl_mod",1,10.6,1.34989711542111,0.42687494916219,9.48050500700744,1.3374066562178,0.422925119151803,1.12350230414747,0.0939610129119893,0.0297130812058376,3.30619047619048,0.243163516677115,0.0768950556556023,39.6,6.48416875508684,2.05047419989729,6.6,1.08069479251447,0.341745699982882,82.6,12.9631957651053,4.09932243723819,4.85502450980392,0.709514974036511,0.224368335195061
"VERTEBRAL","abl_overlap",1,10.7,1.56702123647242,0.495535624910617,9.55200572850816,1.50195718032886,0.474960563788345,1.12811059907834,0.0846611773019633,0.0267722149665553,3.31952380952381,0.217343845532208,0.0687301587301588,39.6,7.42667863553793,2.34852199384114,6.6,1.23777977258966,0.391420332306856,82.1,14.9328124909171,4.72216993435104,4.82303921568627,0.820998191377287,0.259622423963104
"VERTEBRAL","abl_preselect",1,10.4,1.83787316694536,0.581186525805423,9.26528568850558,1.82543877353332,0.577254425354958,1.09493087557604,0.0767188457831456,0.0242606292133944,3.27666666666667,0.218453876701481,0.0690811814070271,37.9,7.01506315802724,2.21835775092998,6.31666666666667,1.16917719300454,0.369726291821663,78.5,11.6833214455479,3.69459064038223,4.58921568627451,0.64963588614703,0.205432905000644
"VERTEBRAL","abl_supp",1,10.7,1.56702123647242,0.495535624910617,9.56385522971215,1.49641624752708,0.473208366986789,1.07972350230415,0.0457772760282727,0.0144760457327568,3.20333333333333,0.169225258778401,0.0535137255371151,39.7,7.40945342113708,2.343074902772,6.61666666666667,1.23490890352285,0.390512483795333,80.7,16.526409840683,5.22610966419786,4.73766339869281,0.91115551524532,0.288132673079948
"VERTEBRAL","no_abl",1,10.7,1.56702123647242,0.495535624910617,9.55200572850816,1.50195718032886,0.474960563788345,1.12811059907834,0.0846611773019633,0.0267722149665553,3.31952380952381,0.217343845532208,0.0687301587301588,39.6,7.42667863553793,2.34852199384114,6.6,1.23777977258966,0.391420332306856,82.1,14.9328124909171,4.72216993435104,4.82303921568627,0.820998191377287,0.259622423963104
"VOTE","abl_acc",1,4.3,0.674948557710553,0.213437474581095,4.14692790036551,0.646233751777686,0.204357055649337,1.30360655737705,0.209660673511414,0.0663005264060999,2.66529502401885,0.377263125696966,0.119301075439681,10.7,2.94580681270476,0.931545907498808,1.78333333333333,0.49096780211746,0.155257651249801,10.7,2.94580681270476,0.931545907498808,1.78333333333333,0.49096780211746,0.155257651249801
"VOTE","abl_conf",1,4.6,0.699205898780101,0.221108319357027,4.46024083585671,0.667873581733554,0.211200170733266,1.41868852459016,0.161741618515713,0.0511471906951716,2.95212090999728,0.307201893204742,0.0971457684042789,11.2,2.61618891604648,0.82731157639939,1.86666666666667,0.436031486007746,0.137885262733232,11.2,2.61618891604648,0.82731157639939,1.86666666666667,0.436031486007746,0.137885262733232
"VOTE","abl_length",1,4.6,0.699205898780101,0.221108319357027,4.47607793478825,0.667845332287818,0.211191237474149,1.41573770491803,0.162645571022145,0.0514330455768659,2.94574458442853,0.313648321703981,0.0991843080873804,11.5,2.71825107171668,0.859586463881842,1.91666666666667,0.453041845286114,0.143264410646974,11.5,2.71825107171668,0.859586463881842,1.91666666666667,0.453041845286114,0.143264410646974
"VOTE","abl_max_cov",1,4.6,0.699205898780101,0.221108319357027,4.47403778286204,0.66981566340692,0.211814310882257,1.41639344262295,0.161940515339816,0.0512100873935256,2.94743949968277,0.312036712184297,0.0986746724092793,11.4,2.83627298482435,0.896908269804914,1.9,0.472712164137392,0.149484711634152,11.4,2.83627298482435,0.896908269804914,1.9,0.472712164137392,0.149484711634152
"VOTE","abl_min_cov",1,1,0,0,0.985652445846585,0.00612913271900576,0.0019382019473519,0.534754098360656,0.0577572622337551,0.0182644500074291,0.872192513368984,0.0942030212903493,0.0297896109746838,1.7,0.674948557710553,0.213437474581095,0.283333333333333,0.112491426285092,0.0355729124301824,1.7,0.674948557710553,0.213437474581095,0.283333333333333,0.112491426285092,0.0355729124301824
"VOTE","abl_mod",1,4.6,0.699205898780101,0.221108319357027,4.47403778286204,0.66981566340692,0.211814310882257,1.41639344262295,0.161940515339816,0.0512100873935256,2.94743949968277,0.312036712184297,0.0986746724092793,11.4,2.83627298482435,0.896908269804914,1.9,0.472712164137392,0.149484711634152,11.4,2.83627298482435,0.896908269804914,1.9,0.472712164137392,0.149484711634152
"VOTE","abl_overlap",1,4.6,0.699205898780101,0.221108319357027,4.49682744219495,0.694476593694868,0.219612781775111,1.4927868852459,0.24282003515067,0.0767864372598265,3.06953684401341,0.412589947136131,0.130472397263864,11.4,3.06231575409489,0.968389269755597,1.9,0.510385959015816,0.161398211625933,11.4,3.06231575409489,0.968389269755597,1.9,0.510385959015816,0.161398211625933
"VOTE","abl_preselect",1,4.5,0.707106781186547,0.223606797749979,4.37640096306671,0.668672935086181,0.211452948458225,1.37573770491803,0.157545447245182,0.0498202448284675,2.84235475392006,0.272777015722664,0.086259666302718,11,2.70801280154532,0.856348838577675,1.02949494949495,0.293137740765409,0.0926982928974682,11,2.70801280154532,0.856348838577675,1.02949494949495,0.293137740765409,0.0926982928974682
"VOTE","abl_supp",1,4.6,0.699205898780101,0.221108319357027,4.4986830234182,0.692800148800449,0.219082643351299,1.31934426229508,0.134822818955004,0.0426347188462335,2.73505392912173,0.256451924418472,0.0810972191495724,11,2.58198889747161,0.816496580927726,1.83333333333333,0.430331482911935,0.136082763487954,11,2.58198889747161,0.816496580927726,1.83333333333333,0.430331482911935,0.136082763487954
"VOTE","no_abl",1,4.6,0.699205898780101,0.221108319357027,4.47403778286204,0.66981566340692,0.211814310882257,1.41639344262295,0.161940515339816,0.0512100873935256,2.94743949968277,0.312036712184297,0.0986746724092793,11.4,2.83627298482435,0.896908269804914,1.9,0.472712164137392,0.149484711634152,11.4,2.83627298482435,0.896908269804914,1.9,0.472712164137392,0.149484711634152
"XOR","abl_acc",1,4,0,0,4,0,0,1,4.12097346086754e-16,1.30316623134482e-16,2,4.6811112914356e-16,1.48029736616688e-16,8,0,0,2.66666666666667,0,0,16,0,0,2.28571428571428,0,0
"XOR","abl_conf",1,4,0,0,4,0,0,1,4.12097346086754e-16,1.30316623134482e-16,2,4.6811112914356e-16,1.48029736616688e-16,8,0,0,2.66666666666667,0,0,16,0,0,2.28571428571428,0,0
"XOR","abl_length",1,4,0,0,4,0,0,1,4.12097346086754e-16,1.30316623134482e-16,2,4.6811112914356e-16,1.48029736616688e-16,8,0,0,2.66666666666667,0,0,16,0,0,2.28571428571428,0,0
"XOR","abl_max_cov",1,4,0,0,4,0,0,1,4.12097346086754e-16,1.30316623134482e-16,2,4.6811112914356e-16,1.48029736616688e-16,8,0,0,2.66666666666667,0,0,16,0,0,2.28571428571428,0,0
"XOR","abl_min_cov",1,1,0,0,1,0,0,0.268027210884354,0.00351291006458719,0.00111087970194247,0.511688311688312,0.00670646466875744,0.00212077034007202,2,0,0,0.666666666666667,0,0,4,0,0,0.571428571428571,0,0
"XOR","abl_mod",1,4,0,0,4,0,0,1,4.12097346086754e-16,1.30316623134482e-16,2,4.6811112914356e-16,1.48029736616688e-16,8,0,0,2.66666666666667,0,0,16,0,0,2.28571428571428,0,0
"XOR","abl_overlap",1,4,0,0,4,0,0,1,4.12097346086754e-16,1.30316623134482e-16,2,4.6811112914356e-16,1.48029736616688e-16,8,0,0,2.66666666666667,0,0,16,0,0,2.28571428571428,0,0
"XOR","abl_preselect",1,4,0,0,4,0,0,1,4.12097346086754e-16,1.30316623134482e-16,2,4.6811112914356e-16,1.48029736616688e-16,8,0,0,2.66666666666667,0,0,16,0,0,2.28571428571428,0,0
"XOR","abl_supp",1,4,0,0,4,0,0,1,4.12097346086754e-16,1.30316623134482e-16,2,4.6811112914356e-16,1.48029736616688e-16,8,0,0,2.66666666666667,0,0,16,0,0,2.28571428571428,0,0
"XOR","no_abl",1,4,0,0,4,0,0,1,4.12097346086754e-16,1.30316623134482e-16,2,4.6811112914356e-16,1.48029736616688e-16,8,0,0,2.66666666666667,0,0,16,0,0,2.28571428571428,0,0
